slug;nome;uf;rm;lat;lon;texto;area;areaUrbana;pop2016;densidade;densidadeUrbana;idhm;faixaIdhm;renda;percDr1sm;percNegros;percMulheres;percBrancos;percHomens;laiContrato;laiContratoInicio;laiContratoPrazo;laiContratoFonte;laiGps;laiGpsFrota;laiGpsFonte;laiGtfs;laiGtfsFonte;planmobStatus;planmobAno;planmobFonte;tma_estacoes_barca;tma_km_barca;tma_estacoes_brt;tma_km_brt;tma_estacoes_metro;tma_km_metro;tma_estacoes_monotrilho;tma_km_monotrilho;tma_estacoes_trem;tma_km_trem;tma_estacoes_vlt;tma_km_vlt
aracaju;Aracaju;SE;Região Metropolitana de Aracaju;-10,947247;-37,073082;Capital do estado de Sergipe.;186,415;173,075;657013;3054,941931;3282,288025;0,77;Alto;2775;0,55;0,66;0,47;0,34;0,53;Não;-;-;-;Sim;100%;Não está público;Sim;Não está público;Em revisão;2012;http://www.smttaju.com.br/mobilidade-urbana/PLANO-DIRETOR-DE-MOBILIDADE.pdf;0;0;0;0;0;0;0;0;0;0;0;0
belem;Belém;PA;Região Metropolitana de Belém;-1,455755;-48,49018;Capital do estado do Pará.;1066,81;224,056;1492745;1304,48721;5956,859;0,746;Alto;1803;0,63;0,72;0,53;0,28;0,47;Não;-;-;-;Não identificado;Não identificado;Não identificado;Não identificado;NA;Possui;2016;http://bit.ly/2F3gEMd;0;0;22;18,8;0;0;0;0;0;0;0;0
belo-horizonte;Belo Horizonte;MG;Região Metropolitana de Belo Horizonte;-19,916681;-43,934493;Capital do estado de Minas Gerais.;354,277;334;2512070;6681,861933;7086,916168;0,81;Alto;2820;0,4;0,52;0,53;0,48;0,47;Sim;2008;20 anos;https://prefeitura.pbh.gov.br/sites/default/files/imagens/authenticated%2C%20editor_a_bhtrans/MINUTA_CONTRATO_FINAL_ANEXO_IX_080326.pdf;Sim;100%;https://dados.pbh.gov.br/organization/bhtrans;Sim;https://dados.pbh.gov.br/organization/bhtrans;Possui;2017;https://prefeitura.pbh.gov.br/bhtrans/informacoes/planmob-bh/documentos;0;0;45;22,7;18;27,5;0;0;0;0;0;0
boa-vista;Boa Vista;RR;Região Metropolitana da Capital;2,82351;-60,675833;Capital do estado de Roraima.;5733,68;180,807;399213;49,225105;1527,263878;0,752;Alto;2274;0,61;0,71;0,5;0,29;0,5;Sim;2010;15 anos;Não está online;Sim;100%;Não está público;Náo;NA;Não possui;N/A;N/A;0;0;0;0;0;0;0;0;0;0;0;0
brasilia;Brasília;DF;Região Integrada de Desenvolvimento do Distrito Federal e Entorno;-15,794229;-47,882166;Distrito Federal.;6040,9;795,1;3015268;423,200185;3090,579801;0,824;Muito Alto;3656;0,4;0,56;0,48;0,44;0,52;Sim;2012/2013;10 anos;http://www.transparencia.df.gov.br/#/;Sim;100%;Não está público;Não;NA;Em revisão;2011;https://drive.google.com/file/d/1cPc5HRdSXLOe9MEyhTIonnZdPM9YnmVK/view;0;0;10;23,5;26;39,2;0;0;0;0;0;0
campo-grande;Campo Grande;MS;N/A;-20,469711;-54,620121;Capital do estado do Mato Grosso do Sul.;8707,38;314,649;895982;89,580792;2435,885701;0,784;Alto;2300;0,49;0,47;0,48;0,53;0,52;Sim;2012;20 anos;http://www.campogrande.ms.gov.br/agereg/artigos/contrato-consorcio-guaicurus/;Sim;100%;Não está público;Sim;Não está público;Possui;2015;https://drive.google.com/file/d/1xmDwiKZ1R_DIlc9b9ojtGe1TUq-0_XRM/view;0;0;0;0;0;0;0;0;0;0;0;0
cuiaba;Cuiabá;MT;Região Metropolitana do Vale do Cuiabá;-15,601411;-56,097892;Capital do estado do Mato Grosso.;3647,43;218,819;612547;150,124334;2417,486599;0,785;Alto;2379;0,47;0,65;0,51;0,35;0,49;Sim;2019;20 anos;https://arsec.cuiaba.mt.gov.br/ver-transporte-publico/32/5404/REVISAO-EXTRAORDINARIA--CONTRATOS-DE-CONCESSAO--TRANSPORTE-COLETIVO/;Sim;100%;Não está público;Não;NA;Em elaboração;N/A;N/A;0;0;0;0;0;0;0;0;0;0;0;0
curitiba;Curitiba;PR;Região Metropolitana de Curitiba;-25,428954;-49,267137;Capital do estado do Paraná.;483,947;363,8;1933105;3603,96903;4693,870258;0,823;Muito Alto;3153;0,31;0,44;0,53;0,56;0,47;Sim;2010;15 anos;https://www.urbs.curitiba.pr.gov.br/institucional/licitacoes/01052009;Sim;100%;https://www.curitiba.pr.gov.br/dadosabertos/busca/?grupo=8;Sim;https://www.curitiba.pr.gov.br/dadosabertos/busca/?termo=gtfs;Em revisão;2008;http://redpgv.coppe.ufrj.br/index.php/es/informacion/banco-de-estudo-de-impactos/641-plano-de-mobilidade-curitiba/file;0;0;118;74,7;0;0;0;0;0;0;0;0
florianopolis;Florianópolis;SC;Região Metropolitana de Florianópolis;-27,595378;-48,54805;Capital do estado Santa Catarina.;764,922;212,683;500973;547,285867;1892,417354;0,847;Muito Alto;2986;0,24;0,15;0,48;0,85;0,52;Sim;2014;20 anos;https://www.consorciofenix.com.br/upload/contrato.pdf;Sim;100%;Não está público;Não;NA;Em revisão;2015;https://drive.google.com/file/d/1sZxMS-7N7bmrb-A7iEWpsSLV8Tqlyxhu/view;0;0;0;0;0;0;0;0;0;0;0;0
fortaleza;Fortaleza;CE;Região Metropolitana de Fortaleza;-3,731862;-38,52667;Capital do estado do Ceará.;317,727;313,483;2669342;7694,813472;7798,987505;0,754;Alto;1863;0,65;0,62;0,53;0,38;0,47;Sim;2012;15 anos;Não está online;Sim;100%;https://dados.fortaleza.ce.gov.br/dataset/?text=gps;Sim;Não está público;Possui;2015;https://drive.google.com/file/d/0Bw1Tkc7R4118VkhkdzdsSFJGTVk/view?resourcekey=0-dSEg69mhDvoBvcupjXsyLg;0;0;0;0;13;15,4;0;0;0;0;10;13,2
goiania;Goiânia;GO;Região Metropolitana de Goiânia;-16,686891;-49,264794;Capital do estado de Goiás.;769,152;414,9;1516113;1689,080962;3112,991082;0,799;Alto;2603;0,42;0,45;0,48;0,55;0,52;Sim;2008;20 anos;https://cmtcrmg.com.br/wp-content/uploads/2019/08/CONTRATO-CMTC-E-COOTEGO-2008.pdf;Sim;100%;Não está público;Sim;Não está público;Em elaboração;N/A;N/A;0;0;24;13,4;0;0;0;0;0;0;0;0
joao-pessoa;João Pessoa;PB;Região Metropolitana de João Pessoa;-7,119496;-34,845012;Capital do estado da Paraíba.;214,531;163,375;809015;3350,66727;4383,118592;0,763;Alto;2418;0,59;0,54;0,47;0,46;0,53;Sim;2011;20 anos;Não está online;Sim;100%;Não está público;Não;NA;Sim;2020;http://www.planmob.joaopessoa.pb.gov.br/?page_id=7;0;0;0;0;0;0;0;0;0;0;0;0
macapa;Macapá;AP;Região Metropolitana de Macapá;0,035574;-51,070535;Capital do estado do Amapá.;6452,14;117,522;503327;61,454649;3198,796821;0,733;Alto;2290;0,61;0,73;0,51;0,27;0,49;Não;NA;NA;NA;Sim;100%;Não está público;Não identificado;NA;Em elaboração;N/A;https://goo.gl/f8z6v7;0;0;0;0;0;0;0;0;0;0;0;0
maceio;Maceió;AL;Região Metropolitana de Maceió;-9,649849;-35,708949;Capital do estado de Alagoas.;513,353;199,84;1018948;1809,949489;4646,206966;0,721;Alto;1756;0,66;0,62;0,47;0,38;0,53;Sim;2016;15 anos;Não está online;Sim;100%;Não está público;Não;NA;Em elaboração;N/A;N/A;0;0;0;0;0;0;0;0;0;0;0;0
manaus;Manaus;AM;Região Metropolitana de Manaus;-3,119028;-60,021731;Capital do estado do Amazonas.;11489,8;497,43;2182763;156,42657;3591,681242;0,737;Alto;1998,5;0,64;0,72;0,49;0,28;0,51;Sim;2020;10 anos;Não está online;Sim;88.50%;Não está público;Não;NA;Possui;2015;https://drive.google.com/file/d/14wxEB0CYGEX_RC8Tyl6DH0qgDPxsxcGh/view;0;0;0;0;0;0;0;0;0;0;0;0
natal;Natal;RN;Região Metropolitana de Natal;-5,779257;-35,200916;Capital do estado do Rio Grande do Norte.;169,187;156,321;884122;4737,521204;5127,436493;0,763;Alto;2117;0,59;0,54;0,47;0,46;0,53;Não;NA;NA;NA;Sim;100%;Não está público;Sim;NA;Possui;2022;https://natal.rn.gov.br/sttu/planmob;0;0;0;0;0;0;0;0;0;0;0;0
palmas;Palmas;TO;Região Metropolitana de Palmas;-10,249091;-48,324286;Capital do estado de Tocantins.;2268,95;121,59;299127;99,887613;1783,904926;0,788;Alto;2236;0,49;0,65;0,49;0,35;0,51;Sim;NA;NA;NA;Sim;100%;Não está público;Sim;NA;Em elaboração;N/A;N/A;0;0;0;0;0;0;0;0;0;0;0;0
porto-alegre;Porto Alegre;RS;Região Metropolitana de Porto Alegre;-30,034647;-51,217658;Capital do estado do Rio Grande do Sul.;575,997;364,2;1483771;2425,984858;3784,294344;0,805;Muito Alto;3452;0,31;0,2;0,46;0,8;0,54;Sim;2015;20 anos;http://www2.portoalegre.rs.gov.br/smf/default.php?reg=19&p_secao=256;Sim;100%;https://www.tripoa.net.br/GPS;Sim;https://dadosabertos.poa.br/dataset/groups/gtfs;Posui;2022;https://www.camarapoa.rs.gov.br/draco/processos/137529/LC_951.pdf;0;0;75;39;6;9,1;0;0;0;0;0;0
porto-velho;Porto Velho;RO;Região Metropolitana de Porto Velho;-8,761161;-63,90043;Capital do estado de Rondônia.;34758,9;176,159;529544;12,098168;2211,343162;0,736;Alto;1952;0,53;0,7;0,5;0,3;0,5;Sim;2018;15 anos;https://uploads.portovelho.ro.gov.br/contratos/1713/159294288584e79a37a746654135694b1e8bdfa0809a7dd6b9.pdf;Sim;Não identificado;Não está público;Não;NA;Possui;2022;https://sapl.portovelho.ro.leg.br/ta/2526/text?;0;0;0;0;0;0;0;0;0;0;0;0
recife;Recife;PE;Região Metropolitana do Recife;-8,057838;-34,882897;Capital do estado de Pernambuco.;222,032;218,7;1645727;6892,11465;6997,119342;0,772;Alto;2810;0,6;0,58;0,46;0,42;0,54;Sim;2013;15 anos;https://www.granderecife.pe.gov.br/sitegrctm/servicos/licitacao/concessoes-do-stpprmr/;Sim;100%;Não está público;Sim;Não está público;Em elaboração;N/A;N/A;0;0;16;8,1;18;26,1;0;0;0;0;0;0
rio-branco;Rio Branco;AC;N/A;-9,975384;-67,824918;Capital do estado do Acre.;9030,46;133,443;407319;36,949059;2249,672145;0,727;Alto;1942,25;0,64;0,72;0,49;0,28;0,51;Sim;2004;20 anos;http://transportes.riobranco.ac.gov.br/contratos.html;Sim;100%;Não está público;Não;NA;Possui;2009;https://drive.google.com/file/d/1KI2b4tLKwN-tFa4SifKDmpeJdoxRw9ob/view;0;0;0;0;0;0;0;0;0;0;0;0
rio-de-janeiro;Rio de Janeiro;RJ;Região Metropolitana do Rio de Janeiro;-22,906847;-43,172897;Capital do estado do Rio de Janeiro.;1309,31;881,7;6718903;4799,085014;7123,159805;0,799;Alto;3016;0,42;0,48;0,53;0,52;0,47;Sim;2010;20 anos;http://www.rio.rj.gov.br/web/transparenciadamobilidade/exibeconteudo?id=4801047;Sim;100%;https://www.data.rio/search?q=datalake;Sim;https://www.data.rio/datasets/8ffe62ad3b2f42e49814bf941654ea6c/about;Possui;2019;https://drive.google.com/file/d/1U_B3jT4hx-lnfGzD0S40y94QfFReD0HN/view;1;2,5;131;124,3;42;60,1;0;0;49;99,6;29;13,9
salvador;Salvador;BA;Região Metropolitana de Salvador;-12,972218;-38,501414;Capital do estado da Bahia.;715,503;283,3;2872347;3723,548329;9400,705965;0,759;Alto;2090;0,61;0,8;0,54;0,2;0,46;Sim;2014;25 anos;http://www.compras.salvador.ba.gov.br/esclarecimentos/ANEXO1.3%20-%20Concess%C3%A3o%20007-2014.pdf;Sim;100%;Não está público;Sim;Não está público;Possui;2018;https://drive.google.com/file/d/17ThXGac-C7NK4DTuQ0AcnCx7McLxJAdh/view;0;0;0;0;19;30,3;0;0;0;0;0;0
sao-luis;São Luís;MA;Região Metropolitana de São Luís;-2,53911;-44,282905;Capital do estado do Maranhão.;841,276;400,319;1101884;1202,803836;2320,102218;0,768;Alto;1684;0,66;0,7;0,47;0,3;0,53;Sim;2016;20 anos;Não está online;Sim;100%;Não está público;Não;NA;Possui;2017;https://drive.google.com/file/d/1mJw_QbRB-2PyO8UlwGGYtmanRFWGXzDN/view;0;0;0;0;0;0;0;0;0;0;0;0
sao-paulo;São Paulo;SP;Região Metropolitana de São Paulo;-23,55052;-46,633309;Capital do estado de São Paulo.;1668,17;1011,6;12252023;6719,758778;10937,228153;0,805;Muito Alto;3323;0,41;0,19;0,47;0,81;0,53;Sim;2019;20 anos;https://www.prefeitura.sp.gov.br/cidade/secretarias/transportes/acesso_a_informacao/index.php?p=284142;Sim;100%;http://www.sptrans.com.br/desenvolvedores/;Sim;https://www.sptrans.com.br/desenvolvedores/;Possui;2016;https://drive.google.com/file/d/1P3m8wy0teh74OGpSwxDiyA1N3EcjU9SB/view;0;0;44;26,6;76;89,4;11;14,4;45;129,8;0;0
teresina;Teresina;PI;Região Metropolitana de Teresina;-5,044685;-42,766233;Capital do estado do Piauí.;1407,14;221,447;864845;576,664014;3448,960699;0,751;Alto;1854,25;0,66;0,71;0,47;0,29;0,53;Sim;2014;15 anos;Não está online;Sim;100%;Não está público;Sim;https://inthegra.strans.teresina.pi.gov.br/;Possui;2008;https://drive.google.com/file/d/0Bw1Tkc7R4118bDh0am45RjZjZ3M/view?resourcekey=0-R32-4Fbx6k7_2qSZF6epnA;0;0;37;21,7;0;0;0;0;0;0;0;0
vitoria;Vitória;ES;Região Metropolitana de Vitória;-20,297618;-40,295777;Capital do estado do Espírito Santo.;105,234;50,6505;362097;3104,776023;6447,794197;0,845;Muito Alto;3973;0,34;0,52;0,47;0,48;0,53;Não;NA;NA;NA;Sim;100%;Não está público;Não;NA;Em elaboração;N/A;N/A;0;0;0;0;0;0;0;0;0;0;0;0
