codigo;nome;unidade
TEMPO_MED;Tempo médio de viagem casa-trabalho;min
PERC_ACIMA_1H;Pessoas que gastam mais de 1h no trajeto casa-trabalho;%
PERC_CALÇADAS;Domicílios com calçadas no entorno;%
PERC_RAMPAS;Domicílios com rampas no entorno;%
PERC_A PÉ;Viagens a pé;%
PERC_A PE;Viagens a pé;%
PERC_BICI;Viagens de bicicleta;%
PERC_TRANSP_COLETIVO;Viagens de transporte coletivo;%
PERC_TRANSP_IND_MOTO;Viagens de transporte individual motorizado;%
kgCO2/hab;Emissões de CO₂ por habitante (combustíveis);kg/hab
gMP/hab;Emissões de material particulado por habitante;g/hab
TX_MORT_TOT;Taxa de mortalidade no trânsito;por 100 mil hab.
TX_MORT_PED;Taxa de mortalidade de pedestres;por 100 mil hab.
TX_MORT_CICL;Taxa de mortalidade de ciclistas;por 100 mil hab.
TX_MORT_AUTO;Taxa de mortalidade de ocupantes de automóveis;por 100 mil hab.
TX_MORT_MOTO;Taxa de mortalidade de motociclistas;por 100 mil hab.
TX_MOTO;Taxa de motorização;veículos por mil hab.
TX_INTERN_TOT;Taxa de internações por sinistros de trânsito;por 100 mil hab.
TX_INTERN_PED;Taxa de internações de pedestres;por 100 mil hab.
TX_INTERN_CIC;Taxa de internações de ciclistas;por 100 mil hab.
TX_INTERN_AUTO;Taxa de internações de ocupantes de automóveis;por 100 mil hab.
TX_INTERN_MOTO;Taxa de internações de motociclistas;por 100 mil hab.
TARIFAxSM;Comprometimento do salário mínimo com a tarifa de transporte;%
TARIFAX RENDA_DOM_NEGRA;Comprometimento da renda de trabalhadora doméstica negra com a tarifa;%
PNT;População próxima de transporte de média e alta capacidade (PNT);%
PNT_ATE_1/2;PNT — renda até ½ salário mínimo;%
PNT_1/2_1;PNT — renda de ½ a 1 salário mínimo;%
PNT_1_3;PNT — renda de 1 a 3 salários mínimos;%
PNT_ACIMA_3;PNT — renda acima de 3 salários mínimos;%
PNT_MULHERES_NEGRAS;PNT — mulheres negras;%
PNT_MULHERES_1SM;PNT — mulheres com renda até 1 salário mínimo;%
PNB;População próxima da infraestrutura cicloviária (PNB);%
PNB_ATE_1/2;PNB — renda até ½ salário mínimo;%
PNB_1/2_1;PNB — renda de ½ a 1 salário mínimo;%
PNB_1_3;PNB — renda de 1 a 3 salários mínimos;%
PNB_ACIMA_3;PNB — renda acima de 3 salários mínimos;%
PNB_MULHERES_NEGRAS;PNB — mulheres negras;%
PNB_MULHERES_ATE_2SM;PNB — mulheres responsáveis por domicílio com renda até 2 SM;%
PNB_MULHERES_1SM;PNB — mulheres com renda até 1 salário mínimo;%
TMA_INFRA_CICLO;Estações de média e alta capacidade próximas de ciclovias (300 m);%
INFRA_CICLO_ESTB_SAÚDE;Estabelecimentos de saúde próximos de ciclovias (300 m);%
PERC_MORTE_NEGROS;Percentual de negros entre as mortes no trânsito;%
POP;População;habitantes
