Modo;Cidade_n;Situação;Ano;TMA
BRT;Belém;Operacional  ;2025;Sim
BRT;Belém;Operacional  ;2025;Sim
Metrô;São Paulo;Em construção;2027;NI
Metrô;São Paulo;Em construção;2027;NI
Metrô;São Paulo;Em construção;2027;NI
Metrô;São Paulo;Em construção;2027;NI
Metrô;São Paulo;Em construção;2027;NI
Metrô;São Paulo;Em construção;2027;NI
Metrô;São Paulo;Em construção;2027;NI
Metrô;São Paulo;Em construção;2027;NI
Metrô;São Paulo;Em construção;2027;NI
Metrô;São Paulo;Em construção;2027;NI
Metrô;São Paulo;Em construção;2027;NI
Metrô;Rio de Janeiro;Em construção;2028;NI
BRT;Campinas;Operacional  ;2025;Sim
BRT;Campinas;Operacional  ;2025;Sim
BRT;Belém;Operacional  ;2025;Sim
BRT;Belém;Operacional  ;2025;Sim
BRT;Belém;Operacional  ;2025;Sim
BRT;Belém;Operacional  ;2025;Sim
BRT;Belém;Operacional  ;2025;Sim
BRT;Belém;Operacional  ;2025;Sim
BRT;Belém;Operacional  ;2025;Sim
BRT;Belém;Operacional  ;2025;Sim
BRT;Belém;Operacional  ;2025;Sim
BRT;Belém;Operacional  ;2025;Sim
BRT;Belém;Operacional  ;2025;Sim
BRT;Belém;Operacional  ;2025;Sim
BRT;Belém;Operacional  ;2025;Sim
BRT;Rio de Janeiro;Operacional;2014;Sim
BRT;Rio de Janeiro;Operacional;2014;Sim
BRT;Rio de Janeiro;Operacional;2014;Sim
BRT;Rio de Janeiro;Operacional;2014;Sim
BRT;Rio de Janeiro;Operacional;2014;Sim
BRT;Rio de Janeiro;Operacional;2014;Sim
BRT;Rio de Janeiro;Operacional;2014;Sim
BRT;Rio de Janeiro;Operacional;2014;Sim
BRT;Rio de Janeiro;Operacional;2014;Sim
BRT;Rio de Janeiro;Operacional;2024;Sim
BRT;Rio de Janeiro;Operacional;2014;Sim
BRT;Rio de Janeiro;Operacional;2014;Sim
BRT;Rio de Janeiro;Operacional;2014;Sim
BRT;Rio de Janeiro;Operacional;2014;Sim
BRT;Rio de Janeiro;Operacional ;2024;Sim
BRT;Rio de Janeiro;Operacional;2014;Sim
BRT;Rio de Janeiro;Operacional;2014;Sim
BRT;Rio de Janeiro;Operacional;2014;Sim
BRT;Rio de Janeiro;Operacional;2014;Sim
BRT;Rio de Janeiro;Operacional ;2024;Sim
BRT;Campinas;Operacional;2023;Sim
BRT;Rio de Janeiro;Operacional;2014;Sim
BRT;Rio de Janeiro;Operacional;2014;Sim
BRT;Rio de Janeiro;Operacional;2014;Sim
BRT;Rio de Janeiro;Operacional;2014;Sim
BRT;Rio de Janeiro;Operacional ;2024;Sim
BRT;Campinas;Operacional;2023;Sim
BRT;Rio de Janeiro;Operacional;2014;Sim
BRT;Rio de Janeiro;Operacional;2014;Sim
BRT;Rio de Janeiro;Operacional;2014;Sim
BRT;Rio de Janeiro;Operacional;2014;Sim
BRT;Rio de Janeiro;Operacional ;2024;Sim
BRT;Campinas;Operacional;2023;Sim
BRT;Rio de Janeiro;Operacional;2014;Sim
BRT;Rio de Janeiro;Operacional;2014;Sim
BRT;Rio de Janeiro;Operacional;2014;Sim
BRT;Rio de Janeiro;Operacional;2014;Sim
BRT;Campinas;Operacional;2023;Sim
BRT;Rio de Janeiro;Operacional;2014;Sim
BRT;Rio de Janeiro;Operacional;2014;Sim
BRT;Rio de Janeiro;Operacional;2014;Sim
BRT;Rio de Janeiro;Operacional ;2024;Sim
BRT;Campinas;Operacional;2023;Sim
BRT;Campinas;Operacional;2023;Sim
BRT;Rio de Janeiro;Operacional;2014;Sim
BRT;Rio de Janeiro;Operacional;2014;Sim
BRT;Rio de Janeiro;Operacional;2014;Sim
BRT;Rio de Janeiro;Operacional;2014;Sim
BRT;Rio de Janeiro;Operacional;2014;Sim
BRT;Rio de Janeiro;Cancelado;9999;NI
BRT;Rio de Janeiro;Operacional;2016;Sim
BRT;Rio de Janeiro;Operacional;2014;Sim
BRT;Rio de Janeiro;Operacional;2014;Sim
BRT;Rio de Janeiro;Operacional;2016;Sim
BRT;Rio de Janeiro;Operacional;2014;Sim
BRT;Rio de Janeiro;Operacional ;2024;Sim
BRT;Campinas;Operacional;2023;Sim
BRT;Rio de Janeiro;Operacional;2016;Sim
BRT;Campinas;Operacional;2023;Sim
BRT;Rio de Janeiro;Operacional;2016;Sim
BRT;Campinas;Operacional ;2023;Sim
BRT;Rio de Janeiro;Operacional;2016;Sim
BRT;Campinas;Operacional;2023;Sim
BRT;Rio de Janeiro;Operacional;2016;Sim
BRT;Campinas;Operacional;2023;Sim
BRT;Rio de Janeiro;Operacional;2016;Sim
BRT;Campinas;Operacional;2023;Sim
BRT;Rio de Janeiro;Operacional;2016;Sim
BRT;Campinas;Operacional;2023;Sim
BRT;Rio de Janeiro;Operacional;2016;Sim
BRT;Campinas;Operacional;2023;Sim
BRT;Rio de Janeiro;Operacional;2016;Sim
BRT;Campinas;Operacional;2023;Sim
BRT;Rio de Janeiro;Operacional;2016;Sim
BRT;Campinas;Operacional;2023;Sim
BRT;Rio de Janeiro;Operacional;2016;Sim
BRT;Campinas;Operacional;2023;Sim
BRT;Campinas;Operacional;2023;Sim
BRT;Rio de Janeiro;Operacional ;2024;Sim
BRT;Rio de Janeiro;Operacional ;2024;Sim
BRT;Rio de Janeiro;Operacional ;2024;Sim
BRT;Rio de Janeiro;Operacional ;2024;Sim
BRT;Rio de Janeiro;Operacional ;2024;Sim
BRT;Rio de Janeiro;Operacional ;2024;Sim
BRT;Rio de Janeiro;Operacional ;2024;Sim
BRT;Rio de Janeiro;Operacional ;2024;Sim
BRT;Rio de Janeiro;Operacional ;2024;Sim
BRT;Rio de Janeiro;Operacional ;2024;Sim
BRT;Rio de Janeiro;Operacional ;2024;Sim
BRT;Rio de Janeiro;Cancelado;9999;NI
BRT;Rio de Janeiro;Operacional;2016;Sim
BRT;Rio de Janeiro;Operacional;2016;Sim
BRT;Rio de Janeiro;Operacional;2016;Sim
BRT;Rio de Janeiro;Operacional;2016;Sim
BRT;Rio de Janeiro;Operacional;2012;Sim
BRT;Rio de Janeiro;Operacional;2012;Sim
BRT;Rio de Janeiro;Operacional;2012;Sim
BRT;Rio de Janeiro;Operacional;2013;Sim
BRT;Rio de Janeiro;Operacional;2013;Sim
BRT;Rio de Janeiro;Operacional;2013;Sim
BRT;Rio de Janeiro;Operacional;2013;Sim
BRT;Rio de Janeiro;Operacional;2012;Sim
BRT;Rio de Janeiro;Operacional;2013;Sim
BRT;Rio de Janeiro;Operacional;2014;Sim
BRT;Rio de Janeiro;Operacional;2013;Sim
BRT;Rio de Janeiro;Operacional;2013;Sim
BRT;Rio de Janeiro;Operacional;2013;Sim
BRT;Rio de Janeiro;Operacional;2013;Sim
BRT;Rio de Janeiro;Operacional;2014;Sim
BRT;Rio de Janeiro;Operacional;2014;Sim
BRT;Rio de Janeiro;Operacional;2014;Sim
BRT;Rio de Janeiro;Operacional;2012;Sim
BRT;Rio de Janeiro;Operacional;2014;Sim
BRT;Rio de Janeiro;Planejado;9999;NI
BRT;Rio de Janeiro;Operacional;2014;Sim
BRT;Rio de Janeiro;Planejado;9999;NI
BRT;Rio de Janeiro;Cancelado;9999;Não
BRT;Rio de Janeiro;Operacional;2014;Sim
BRT;Rio de Janeiro;Operacional;2014;Sim
BRT;Rio de Janeiro;Operacional;2014;Sim
BRT;Rio de Janeiro;Operacional;2012;Sim
BRT;Rio de Janeiro;Operacional;2012;Sim
BRT;Rio de Janeiro;Operacional;2012;Sim
BRT;Rio de Janeiro;Operacional;2012;Sim
BRT;Rio de Janeiro;Operacional;2012;Sim
BRT;Rio de Janeiro;Operacional;2012;Sim
BRT;Rio de Janeiro;Operacional;2012;Sim
BRT;Rio de Janeiro;Operacional;2016;Sim
BRT;Rio de Janeiro;Operacional;2014;Sim
BRT;Rio de Janeiro;Operacional;2016;Sim
BRT;Rio de Janeiro;Operacional;2016;Sim
BRT;Rio de Janeiro;Operacional;2016;Sim
BRT;Rio de Janeiro;Operacional;2016;Sim
BRT;Rio de Janeiro;Operacional;2016;Sim
BRT;Rio de Janeiro;Operacional;2016;Sim
BRT;Rio de Janeiro;Operacional;2012;Sim
BRT;Rio de Janeiro;Operacional;2012;Sim
BRT;Rio de Janeiro;Operacional;2012;Sim
BRT;Rio de Janeiro;Operacional;2012;Sim
BRT;Rio de Janeiro;Operacional;2012;Sim
BRT;Rio de Janeiro;Operacional;2012;Sim
BRT;Rio de Janeiro;Operacional;2016;Sim
BRT;Rio de Janeiro;Operacional;2012;Sim
BRT;Rio de Janeiro;Operacional;2012;Sim
BRT;Rio de Janeiro;Operacional;2012;Sim
BRT;Rio de Janeiro;Operacional;2012;Sim
BRT;Rio de Janeiro;Operacional;2012;Sim
BRT;Rio de Janeiro;Operacional;2012;Sim
BRT;Rio de Janeiro;Operacional;2012;Sim
BRT;Rio de Janeiro;Operacional;2012;Sim
BRT;Rio de Janeiro;Operacional;2012;Sim
BRT;Rio de Janeiro;Operacional;2012;Sim
BRT;Rio de Janeiro;Operacional;2012;Sim
BRT;Rio de Janeiro;Operacional;2012;Sim
BRT;Rio de Janeiro;Operacional;2012;Sim
BRT;Rio de Janeiro;Operacional;2012;Sim
BRT;Rio de Janeiro;Operacional;2012;Sim
BRT;Rio de Janeiro;Operacional;2012;Sim
BRT;Rio de Janeiro;Operacional;2012;Sim
BRT;Rio de Janeiro;Operacional;2012;Sim
BRT;Rio de Janeiro;Operacional;2012;Não
BRT;Rio de Janeiro;Operacional;2012;Sim
BRT;Rio de Janeiro;Operacional;2012;Sim
BRT;Rio de Janeiro;Operacional;2012;Sim
BRT;Rio de Janeiro;Operacional;2016;Sim
BRT;Rio de Janeiro;Fechado;2012;Não
BRT;Rio de Janeiro;Operacional;2016;Sim
BRT;Brasília;Operacional;2014;Sim
BRT;Brasília;Operacional;2014;Sim
BRT;Brasília;Operacional;2014;Sim
BRT;Brasília;Operacional;2014;Sim
BRT;Brasília;Operacional;2014;Sim
BRT;Brasília;Planejado;9999;NI
BRT;Belo Horizonte;Operacional;2014;Sim
BRT;Belo Horizonte;Operacional;2014;Sim
BRT;Belo Horizonte;Operacional;2014;Sim
BRT;Brasília;Operacional;2018;Sim
BRT;Brasília;Operacional não TMA;2014;Não
BRT;Belo Horizonte;Operacional;2014;Sim
BRT;Belo Horizonte;Operacional;2014;Sim
BRT;Belo Horizonte;Operacional;2014;Sim
BRT;Belo Horizonte;Operacional;2014;Sim
BRT;Belo Horizonte;Operacional;2014;Sim
BRT;Belo Horizonte;Operacional;2014;Sim
BRT;Belo Horizonte;Operacional;2014;Sim
BRT;Belo Horizonte;Operacional;2014;Sim
BRT;Belo Horizonte;Operacional;2014;Sim
BRT;Belo Horizonte;Operacional;2014;Sim
BRT;Belo Horizonte;Operacional;2014;Sim
BRT;Belo Horizonte;Operacional;2014;Sim
BRT;Belo Horizonte;Operacional;2014;Sim
BRT;Belo Horizonte;Operacional;2014;Sim
BRT;Belo Horizonte;Operacional;2014;Sim
BRT;Belo Horizonte;Operacional;2014;Sim
BRT;Belo Horizonte;Operacional;2014;Sim
BRT;Belo Horizonte;Operacional;2014;Sim
BRT;Belo Horizonte;Operacional;2014;Sim
BRT;Belo Horizonte;Operacional;2014;Sim
BRT;Belo Horizonte;Operacional;2014;Sim
BRT;Belo Horizonte;Operacional;2014;Sim
BRT;Belo Horizonte;Operacional;2014;Sim
BRT;Belo Horizonte;Operacional;2014;Sim
BRT;Belo Horizonte;Operacional;2014;Sim
BRT;Belo Horizonte;Operacional;2014;Sim
BRT;Belo Horizonte;Operacional;2014;Sim
BRT;Belo Horizonte;Operacional;2014;Sim
BRT;Belo Horizonte;Operacional;2014;Sim
BRT;Belo Horizonte;Operacional;2014;Sim
BRT;Belo Horizonte;Operacional;2014;Sim
BRT;Belo Horizonte;Operacional;2014;Sim
BRT;Belo Horizonte;Operacional;2014;Sim
BRT;Belo Horizonte;Operacional;2014;Sim
BRT;Belo Horizonte;Operacional;2014;Sim
BRT;Belo Horizonte;Operacional;2014;Sim
BRT;Belo Horizonte;Operacional;2014;Sim
BRT;Belo Horizonte;Operacional;2014;Sim
BRT;Brasília;Operacional;2017;Sim
BRT;Brasília;Planejado;9999;NI
BRT;Brasília;Operacional;2018;Sim
BRT;Brasília;Operacional;2018;Sim
BRT;Brasília;Operacional;2017;Sim
BRT;Brasília;Planejado;9999;NI
BRT;Brasília;Cancelado;1;NI
BRT;Goiânia;Operacional;1976;Sim
BRT;Goiânia;Operacional;1976;Sim
BRT;Goiânia;Operacional;1976;Sim
BRT;Goiânia;Operacional;1976;Sim
BRT;Goiânia;Operacional;1976;Sim
BRT;Goiânia;Operacional;1976;Sim
BRT;Goiânia;Operacional;1976;Sim
BRT;Goiânia;Operacional;1976;Sim
BRT;Goiânia;Operacional;1976;Sim
BRT;Goiânia;Operacional;1976;Sim
BRT;Goiânia;Operacional;1976;Sim
BRT;Goiânia;Operacional;1976;Sim
BRT;Goiânia;Operacional;1976;Sim
BRT;Goiânia;Operacional;1976;Sim
BRT;Goiânia;Operacional;1976;Sim
BRT;Goiânia;Operacional;1976;Sim
BRT;Goiânia;Operacional;1976;Sim
BRT;Goiânia;Operacional;1976;Sim
BRT;Goiânia;Operacional;1976;Sim
BRT;Goiânia;Operacional;1976;Sim
BRT;Goiânia;Operacional;1976;Sim
BRT;Goiânia;Operacional;1976;Sim
BRT;Goiânia;Operacional;1976;Sim
BRT;Goiânia;Operacional;1976;Sim
BRT;Uberaba;Operacional;2015;Sim
BRT;Uberaba;Operacional;2015;Sim
BRT;Uberaba;Operacional;2015;Sim
BRT;Uberaba;Operacional;2015;Sim
BRT;Uberaba;Operacional;2015;Sim
BRT;Uberaba;Operacional;2015;Sim
BRT;Uberaba;Operacional;2015;Sim
BRT;Uberaba;Operacional;2015;Sim
BRT;Uberaba;Operacional;2015;Sim
BRT;Uberaba;Operacional;2015;Sim
BRT;Uberaba;Operacional;2015;Sim
BRT;São Paulo;Operacional;2007;Sim
BRT;São Paulo;Operacional;2007;Sim
BRT;São Paulo;Operacional;2007;Sim
BRT;São Paulo;Operacional;2007;Sim
BRT;São Paulo;Operacional;2007;Sim
BRT;São Paulo;Operacional;2007;Sim
BRT;São Paulo;Operacional;2007;Sim
BRT;São Paulo;Operacional;2007;Sim
BRT;São Paulo;Operacional;2007;Sim
BRT;São Paulo;Operacional;1988;Sim
BRT;São Paulo;Operacional;1988;Sim
BRT;São Paulo;Operacional;1988;Sim
BRT;São Paulo;Operacional;1988;Sim
BRT;São Paulo;Operacional;1988;Sim
BRT;São Paulo;Operacional;1988;Sim
BRT;São Paulo;Operacional;1988;Sim
BRT;São Paulo;Operacional;1988;Sim
BRT;São Paulo;Operacional;1988;Sim
BRT;São Paulo;Operacional;1988;Sim
BRT;São Paulo;Operacional;1988;Sim
BRT;São Paulo;Operacional;1988;Sim
BRT;São Paulo;Operacional;1988;Sim
BRT;São Paulo;Operacional;1988;Sim
BRT;São Paulo;Operacional;1988;Sim
BRT;São Paulo;Operacional;1988;Sim
BRT;São Paulo;Operacional;1988;Sim
BRT;São Paulo;Operacional;1988;Sim
BRT;São Paulo;Operacional;1988;Sim
BRT;São Paulo;Operacional;1988;Sim
BRT;São Paulo;Operacional;1988;Sim
BRT;São Paulo;Operacional;1988;Sim
BRT;São Paulo;Operacional;1988;Sim
BRT;São Paulo;Operacional;1988;Sim
BRT;São Paulo;Operacional;1988;Sim
BRT;São Paulo;Operacional;1988;Sim
BRT;São Paulo;Operacional;1988;Sim
BRT;São Paulo;Operacional;1988;Sim
BRT;São Paulo;Operacional;1988;Sim
BRT;São Paulo;Operacional;1988;Sim
BRT;São Paulo;Operacional;1988;Sim
BRT;São Paulo;Operacional;1988;Sim
BRT;São Paulo;Operacional;1988;Sim
BRT;São Paulo;Operacional;1988;Sim
BRT;São Paulo;Operacional;1988;Sim
BRT;São Paulo;Operacional;1988;Sim
BRT;São Paulo;Operacional;1988;Sim
BRT;São Paulo;Operacional;1988;Sim
BRT;São Paulo;Operacional;1988;Sim
BRT;São Paulo;Operacional;1988;Sim
BRT;São Paulo;Operacional;1988;Sim
BRT;São Paulo;Operacional;1988;Sim
BRT;São Paulo;Operacional;1988;Sim
BRT;São Paulo;Operacional;1988;Sim
BRT;São Paulo;Operacional;1988;Sim
BRT;São Paulo;Operacional;1988;Sim
BRT;São Paulo;Operacional;1988;Sim
BRT;São Paulo;Operacional;1988;Sim
BRT;São Paulo;Operacional;1988;Sim
BRT;São Paulo;Operacional;1988;Sim
BRT;São Paulo;Operacional;1988;Sim
BRT;São Paulo;Operacional;1988;Sim
BRT;São Paulo;Operacional;1988;Sim
BRT;São Paulo;Operacional;1988;Sim
BRT;São Paulo;Operacional;1988;Sim
BRT;São Paulo;Operacional;1988;Sim
BRT;São Paulo;Operacional;1988;Sim
BRT;São Paulo;Operacional;1988;Sim
BRT;São Paulo;Operacional;1988;Sim
BRT;São Paulo;Operacional;1988;Sim
BRT;São Paulo;Operacional;1988;Sim
BRT;São Paulo;Operacional;1988;Sim
BRT;São Paulo;Operacional;2010;Sim
BRT;São Paulo;Operacional;2010;Sim
BRT;São Paulo;Operacional;2010;Sim
BRT;São Paulo;Operacional;2010;Sim
BRT;São Paulo;Operacional;2010;Sim
BRT;São Paulo;Operacional;2010;Sim
BRT;São Paulo;Operacional;2010;Sim
BRT;São Paulo;Operacional;2010;Sim
BRT;São Paulo;Operacional;2010;Sim
BRT;São Paulo;Operacional;2010;Sim
BRT;São Paulo;Operacional;2010;Sim
BRT;São Paulo;Operacional;2010;Sim
BRT;São Paulo;Operacional;2010;Sim
BRT;São Paulo;Operacional;2010;Sim
BRT;São Paulo;Operacional;2010;Sim
BRT;São Paulo;Operacional;2010;Sim
BRT;São Paulo;Operacional;2010;Sim
BRT;São Paulo;Operacional;2010;Sim
BRT;São Paulo;Operacional;2010;Sim
BRT;São Paulo;Operacional;2010;Sim
BRT;São Paulo;Operacional;2010;Sim
BRT;São Paulo;Operacional;2010;Sim
BRT;São Paulo;Operacional;2010;Sim
BRT;São Paulo;Operacional;2010;Sim
BRT;Uberaba;Operacional;2015;Sim
BRT;São Paulo;Operacional;2014;Sim
BRT;São Paulo;Operacional;2014;Sim
BRT;São Paulo;Operacional;2014;Sim
BRT;São Paulo;Operacional;2014;Sim
BRT;São Paulo;Operacional;2014;Sim
BRT;São Paulo;Operacional;2014;Sim
BRT;São Paulo;Operacional;2014;Sim
BRT;São Paulo;Operacional;2014;Sim
BRT;São Paulo;Operacional;2014;Sim
BRT;São Paulo;Operacional;2014;Sim
BRT;São Paulo;Operacional;2014;Sim
BRT;São Paulo;Operacional;2014;Sim
BRT;São Paulo;Operacional;2014;Sim
BRT;São Paulo;Planejado;9999;NI
BRT;São Paulo;Planejado;9999;NI
BRT;São Paulo;Planejado;9999;NI
BRT;São Paulo;Planejado;9999;NI
BRT;São Paulo;Planejado;9999;NI
BRT;São Paulo;Operacional;2014;Sim
BRT;São Paulo;Operacional;2014;Sim
BRT;São Paulo;Operacional;2014;Sim
BRT;São Paulo;Operacional;2014;Sim
BRT;São Paulo;Operacional;2014;Sim
BRT;São Paulo;Operacional;2012;Sim
BRT;São Paulo;Operacional;2013;Sim
BRT;São Paulo;Operacional;2013;Sim
BRT;São Paulo;Operacional;2013;Sim
BRT;São Paulo;Operacional;2013;Sim
BRT;Recife;Planejado;9999;NI
BRT;Recife;Operacional não TMA;2014;Não
BRT;Recife;Operacional não TMA;2014;Não
BRT;Recife;Operacional;2014;Sim
BRT;Belém;Operacional;2019;Sim
BRT;Feira de Santana;Operacional não TMA;2020;Não
BRT;Feira de Santana;Operacional não TMA;2020;Não
BRT;Feira de Santana;Operacional não TMA;2020;Não
BRT;Feira de Santana;Operacional não TMA;2020;Não
BRT;Feira de Santana;Operacional não TMA;2020;Não
BRT;Feira de Santana;Operacional não TMA;2020;Não
BRT;Feira de Santana;Operacional;2020;Sim
BRT;Feira de Santana;Operacional;2020;Sim
BRT;Feira de Santana;Operacional;2020;Sim
BRT;Feira de Santana;Operacional;2020;Sim
BRT;Feira de Santana;Operacional;2020;Sim
BRT;Feira de Santana;Operacional;2020;Sim
BRT;Feira de Santana;Operacional;2020;Sim
BRT;Feira de Santana;Operacional;2020;Sim
BRT;Feira de Santana;Operacional;2020;Sim
BRT;Feira de Santana;Operacional;2020;Sim
BRT;Belo Horizonte;Operacional;2014;Sim
BRT;Belo Horizonte;Operacional;2014;Sim
BRT;Uberlândia;Operacional;2006;Sim
BRT;Uberlândia;Operacional;2006;Sim
BRT;Uberlândia;Operacional;2006;Sim
BRT;Uberlândia;Operacional;2006;Sim
BRT;Uberlândia;Operacional;2006;Sim
BRT;Uberlândia;Operacional;2006;Sim
BRT;Uberlândia;Operacional;2006;Sim
BRT;Uberlândia;Operacional;2006;Sim
BRT;Uberlândia;Operacional;2006;Sim
BRT;Uberlândia;Operacional;2006;Sim
BRT;Uberlândia;Operacional;2006;Sim
BRT;Uberlândia;Operacional;2006;Sim
BRT;Uberlândia;Operacional;2006;Sim
BRT;Uberlândia;Operacional;2006;Sim
BRT;Uberlândia;Operacional;2006;Sim
BRT;Curitiba;Operacional;1;Sim
BRT;Curitiba;Operacional;1;Sim
BRT;Curitiba;Operacional;1;Sim
BRT;Curitiba;Operacional;1;Sim
BRT;Curitiba;Operacional;1;Sim
BRT;Curitiba;Operacional;1;Sim
BRT;Curitiba;Operacional;1;Sim
BRT;Curitiba;Operacional;1;Sim
BRT;Curitiba;Operacional;1;Sim
BRT;Curitiba;Operacional;1;Sim
BRT;Curitiba;Operacional;1;Sim
BRT;Curitiba;Operacional;1;Sim
BRT;Curitiba;Operacional;1;Sim
BRT;Curitiba;Operacional;1;Sim
BRT;Curitiba;Operacional;1;Sim
BRT;Curitiba;Operacional;1;Sim
BRT;Curitiba;Operacional;1;Sim
BRT;Curitiba;Operacional;1;Sim
BRT;Curitiba;Operacional;1;Sim
BRT;Curitiba;Operacional;1;Sim
BRT;Curitiba;Operacional;1;Sim
BRT;Curitiba;Operacional;1;Sim
BRT;Curitiba;Operacional;1;Sim
BRT;Curitiba;Operacional;1;Sim
BRT;Curitiba;Operacional;1;Sim
BRT;Curitiba;Operacional;1;Sim
BRT;Curitiba;Operacional;1;Sim
BRT;Curitiba;Operacional;1;Sim
BRT;Curitiba;Operacional;1;Sim
BRT;Curitiba;Operacional;1;Sim
BRT;Curitiba;Operacional;1;Sim
BRT;Curitiba;Operacional;1;Sim
BRT;Curitiba;Operacional;1;Sim
BRT;Curitiba;Operacional;1;Sim
BRT;Curitiba;Operacional;1;Sim
BRT;Curitiba;Operacional;1;Sim
BRT;Curitiba;Operacional;1;Sim
BRT;Curitiba;Operacional;1;Sim
BRT;Curitiba;Operacional;1;Sim
BRT;Curitiba;Operacional;1;Sim
BRT;Curitiba;Operacional;1;Sim
BRT;Curitiba;Operacional;1;Sim
BRT;Curitiba;Operacional;1;Sim
BRT;Curitiba;Operacional;1;Sim
BRT;Curitiba;Operacional;1;Sim
BRT;Rio de Janeiro;Operacional;2014;Sim
BRT;Rio de Janeiro;Operacional;2014;Sim
BRT;Rio de Janeiro;Operacional;2019;Sim
BRT;Curitiba;Operacional;2012;Sim
BRT;Curitiba;Operacional;2012;Sim
BRT;Curitiba;Operacional;2012;Sim
BRT;Curitiba;Operacional;2012;Sim
BRT;Curitiba;Operacional;2012;Sim
BRT;Curitiba;Operacional;1;Sim
BRT;Curitiba;Operacional;2012;Sim
BRT;Curitiba;Operacional;1;Sim
BRT;Curitiba;Operacional;1;Sim
BRT;Curitiba;Operacional;1;Sim
BRT;Curitiba;Operacional;2012;Sim
BRT;Curitiba;Operacional;1;Sim
BRT;Curitiba;Operacional;2012;Sim
BRT;Curitiba;Operacional;1;Sim
BRT;Curitiba;Operacional;1;Sim
BRT;Curitiba;Operacional;1;Sim
BRT;Curitiba;Operacional;1;Sim
BRT;Curitiba;Operacional;1;Sim
BRT;Curitiba;Operacional;1;Sim
BRT;Curitiba;Operacional;1;Sim
BRT;Curitiba;Operacional;1;Sim
BRT;Curitiba;Operacional;1;Sim
BRT;Curitiba;Operacional;1;Sim
BRT;Curitiba;Operacional;1;Sim
BRT;Curitiba;Operacional;1;Sim
BRT;Curitiba;Operacional;1;Sim
BRT;Curitiba;Operacional;1;Sim
BRT;Curitiba;Operacional;1;Sim
BRT;Curitiba;Operacional;1;Sim
BRT;Curitiba;Operacional;1;Sim
BRT;Curitiba;Operacional;1;Sim
BRT;Curitiba;Operacional;1;Sim
BRT;Curitiba;Operacional;1;Sim
BRT;Curitiba;Operacional;1;Sim
BRT;Curitiba;Operacional;1;Sim
BRT;Curitiba;Operacional;1;Sim
BRT;Curitiba;Operacional;1;Sim
BRT;Curitiba;Operacional;1;Sim
BRT;Curitiba;Operacional;1;Sim
BRT;Curitiba;Operacional;1;Sim
BRT;Curitiba;Operacional;1;Sim
BRT;Curitiba;Operacional;1;Sim
BRT;Curitiba;Operacional;1;Sim
BRT;Curitiba;Operacional;1;Sim
BRT;Curitiba;Operacional;1;Sim
BRT;Curitiba;Operacional;1;Sim
BRT;Curitiba;Operacional;1;Sim
BRT;Curitiba;Operacional;1;Sim
BRT;Curitiba;Operacional;1;Sim
BRT;Curitiba;Operacional;1;Sim
BRT;Curitiba;Operacional;1;Sim
BRT;Curitiba;Operacional;1;Sim
BRT;Curitiba;Operacional;1;Sim
BRT;Curitiba;Operacional;1;Sim
BRT;Curitiba;Operacional;1;Sim
BRT;Curitiba;Operacional;1;Sim
BRT;Curitiba;Operacional;1;Sim
BRT;Curitiba;Operacional;1;Sim
BRT;Curitiba;Operacional;1;Sim
BRT;Curitiba;Operacional;1;Sim
BRT;Curitiba;Operacional;1;Sim
BRT;Curitiba;Operacional;1;Sim
BRT;Curitiba;Operacional;1;Sim
BRT;Curitiba;Operacional;1;Sim
BRT;Curitiba;Operacional;1;Sim
BRT;Curitiba;Operacional;1;Sim
BRT;Curitiba;Operacional;1;Sim
BRT;Curitiba;Operacional;1;Sim
BRT;Curitiba;Operacional;1;Sim
BRT;Curitiba;Operacional;1;Sim
BRT;Curitiba;Operacional;1;Sim
BRT;Curitiba;Operacional;1;Sim
BRT;Curitiba;Operacional;1;Sim
BRT;Curitiba;Operacional;1;Sim
BRT;Curitiba;Operacional;1;Sim
BRT;Rio de Janeiro;Operacional;2016;Sim
BRT;Rio de Janeiro;Operacional;2014;Sim
BRT;Rio de Janeiro;Operacional;2016;Sim
BRT;Uberaba;Operacional não TMA;2018;Não
BRT;Uberaba;Operacional não TMA;2018;Não
BRT;Uberaba;Operacional não TMA;2018;Não
BRT;Uberaba;Operacional não TMA;2018;Não
BRT;Uberaba;Operacional não TMA;2018;Não
BRT;Uberaba;Operacional não TMA;2018;Não
BRT;Uberaba;Operacional não TMA;2018;Não
BRT;Uberaba;Operacional não TMA;2018;Não
BRT;Uberaba;Operacional não TMA;2018;Não
BRT;Uberaba;Operacional não TMA;2018;Não
BRT;Uberaba;Operacional não TMA;2018;Não
BRT;Uberaba;Operacional não TMA;2018;Não
BRT;Uberaba;Operacional não TMA;2018;Não
BRT;Uberaba;Operacional não TMA;2018;Não
BRT;Uberaba;Operacional não TMA;2018;Não
BRT;Uberaba;Operacional não TMA;2018;Não
BRT;Uberaba;Operacional não TMA;2018;Não
BRT;Uberaba;Operacional não TMA;2018;Não
BRT;Uberaba;Operacional não TMA;2018;Não
BRT;Uberaba;Operacional não TMA;2018;Não
BRT;Uberaba;Operacional não TMA;2018;Não
BRT;Uberaba;Operacional não TMA;2018;Não
BRT;São Paulo;Planejado;9999;NI
BRT;São Paulo;Operacional não TMA;2018;Não
BRT;São Paulo;Planejado;9999;NI
BRT;São Paulo;Planejado;9999;NI
BRT;São Paulo;Planejado;9999;NI
BRT;São Paulo;Planejado;9999;NI
BRT;São Paulo;Planejado;9999;NI
BRT;São Paulo;Cancelado;9999;Não
BRT;São Paulo;Planejado;9999;NI
BRT;São Paulo;Planejado;9999;NI
BRT;São Paulo;Planejado;9999;NI
BRT;São Paulo;Planejado;9999;NI
BRT;São Paulo;Planejado;9999;NI
BRT;São Paulo;Planejado;9999;NI
BRT;São Paulo;Planejado;9999;NI
BRT;São Paulo;Planejado;9999;NI
BRT;São Paulo;Planejado;9999;NI
BRT;São Paulo;Planejado;9999;NI
BRT;São Paulo;Planejado;9999;NI
BRT;São Paulo;Planejado;9999;NI
BRT;São Paulo;Planejado;9999;NI
BRT;São Paulo;Planejado;9999;NI
BRT;São Paulo;Planejado;9999;NI
BRT;São Paulo;Cancelado;9999;Não
BRT;São Paulo;Cancelado;9999;Não
BRT;São Paulo;Cancelado;9999;Não
BRT;São Paulo;Cancelado;9999;Não
BRT;São Paulo;Cancelado;9999;Não
BRT;São Paulo;Planejado;9999;NI
BRT;São Paulo;Planejado;9999;NI
BRT;São Paulo;Planejado;9999;NI
BRT;São Paulo;Planejado;9999;NI
BRT;São Paulo;Planejado;9999;NI
BRT;São Paulo;Planejado;9999;NI
BRT;São Paulo;Planejado;9999;NI
BRT;São Paulo;Planejado;9999;NI
BRT;São Paulo;Planejado;9999;NI
BRT;São Paulo;Planejado;9999;NI
BRT;São Paulo;Planejado;9999;NI
BRT;São Paulo;Planejado;9999;NI
BRT;São Paulo;Planejado;9999;NI
BRT;São Paulo;Planejado;9999;NI
BRT;São Paulo;Planejado;9999;NI
BRT;São Paulo;Planejado;9999;NI
BRT;São Paulo;Planejado;9999;NI
BRT;São Paulo;Planejado;9999;NI
BRT;São Paulo;Planejado;9999;NI
BRT;São Paulo;Planejado;9999;NI
BRT;São Paulo;Planejado;9999;NI
BRT;São Paulo;Planejado;9999;NI
BRT;São Paulo;Planejado;9999;NI
BRT;São Paulo;Planejado;9999;NI
BRT;São Paulo;Planejado;9999;NI
BRT;São Paulo;Planejado;9999;NI
BRT;São Paulo;Planejado;9999;NI
BRT;São Paulo;Planejado;9999;NI
BRT;São Paulo;Planejado;9999;NI
BRT;São Paulo;Planejado;9999;NI
BRT;São Paulo;Planejado;9999;NI
BRT;São Paulo;Planejado;9999;NI
BRT;São Paulo;Planejado;9999;NI
BRT;São Paulo;Planejado;9999;NI
BRT;São Paulo;Planejado;9999;NI
BRT;São Paulo;Planejado;9999;NI
BRT;São Paulo;Planejado;9999;NI
BRT;São Paulo;Planejado;9999;NI
BRT;São Paulo;Planejado;9999;NI
BRT;São Paulo;Planejado;9999;NI
BRT;São Paulo;Planejado;9999;NI
BRT;São Paulo;Planejado;9999;NI
BRT;São Paulo;Operacional não TMA;2021;Não
BRT;Brasília;Em construção;9999;NI
BRT;Brasília;Planejado;9999;NI
BRT;Brasília;Planejado;9999;NI
BRT;Recife;Operacional;2017;Sim
BRT;Recife;Operacional;2014;Sim
BRT;Recife;Operacional;2014;Sim
BRT;Recife;Operacional;2014;Sim
BRT;Recife;Operacional;2014;Sim
BRT;Recife;Operacional;2014;Sim
BRT;Recife;Operacional;2014;Sim
BRT;Recife;Operacional;2014;Sim
BRT;Recife;Operacional;2014;Sim
BRT;Recife;Operacional;2014;Sim
BRT;Recife;Operacional;2014;Sim
BRT;Recife;Operacional;2015;Sim
BRT;Recife;Operacional;2015;Sim
BRT;Recife;Operacional;2014;Sim
BRT;Recife;Operacional não TMA;2014;Não
BRT;Recife;Operacional não TMA;2015;Não
BRT;Recife;Operacional não TMA;2015;Não
BRT;Recife;Operacional não TMA;2014;Não
BRT;Brasília;Planejado;9999;NI
BRT;Recife;Operacional não TMA;2014;Não
BRT;Recife;Operacional não TMA;2016;Não
BRT;Recife;Operacional não TMA;2015;Não
BRT;Recife;Operacional não TMA;2015;Não
BRT;Recife;Operacional não TMA;2015;Não
BRT;Recife;Operacional não TMA;2015;Não
BRT;Recife;Operacional;2015;Sim
BRT;Recife;Operacional não TMA;2014;Não
BRT;Recife;Operacional;2014;Sim
BRT;Recife;Operacional não TMA;2014;Não
BRT;Recife;Operacional;2014;Sim
BRT;Recife;Operacional;2014;Sim
BRT;Recife;Operacional não TMA;2016;Não
BRT;Recife;Operacional não TMA;2014;Não
BRT;Recife;Operacional;2014;Sim
BRT;Recife;Operacional não TMA;2015;Não
BRT;Recife;Operacional;2015;Sim
BRT;Recife;Operacional;2014;Sim
BRT;Niterói;Operacional;2019;Sim
BRT;Niterói;Operacional;2019;Sim
BRT;Niterói;Operacional;2019;Sim
BRT;Niterói;Operacional;2019;Sim
BRT;Niterói;Operacional;2019;Sim
BRT;Niterói;Operacional;2019;Sim
BRT;Niterói;Operacional;2019;Sim
BRT;Niterói;Operacional;2019;Sim
BRT;Niterói;Operacional;2019;Sim
BRT;Niterói;Operacional;2019;Sim
BRT;Niterói;Operacional;2019;Sim
BRT;Niterói;Operacional;2019;Sim
BRT;Niterói;Operacional;2019;Sim
BRT;Recife;Operacional não TMA;2014;Não
BRT;Recife;Operacional não TMA;2015;Não
BRT;Recife;Operacional;2016;Sim
BRT;Recife;Operacional não TMA;2014;Não
BRT;Recife;Operacional não TMA;2015;Não
BRT;Recife;Operacional não TMA;2015;Não
BRT;Recife;Operacional não TMA;2015;Não
BRT;Recife;Operacional não TMA;2015;Não
BRT;Recife;Operacional não TMA;2014;Não
BRT;Recife;Operacional;2018;Sim
BRT;Recife;Planejado;9999;NI
BRT;Recife;Operacional;2018;Sim
BRT;Porto Alegre;Operacional;1982;Sim
BRT;Porto Alegre;Operacional;1982;Sim
BRT;Porto Alegre;Operacional;1982;Sim
BRT;Porto Alegre;Operacional;1982;Sim
BRT;Porto Alegre;Operacional;1982;Sim
BRT;Porto Alegre;Operacional;1982;Sim
BRT;Porto Alegre;Operacional;1982;Sim
BRT;Porto Alegre;Operacional;1982;Sim
BRT;Porto Alegre;Operacional;1982;Sim
BRT;Porto Alegre;Operacional;1982;Sim
BRT;Porto Alegre;Operacional;1982;Sim
BRT;Porto Alegre;Operacional;1982;Sim
BRT;Porto Alegre;Operacional;1982;Sim
BRT;Porto Alegre;Operacional;1982;Sim
BRT;Porto Alegre;Operacional;1982;Sim
BRT;Porto Alegre;Operacional não TMA;1980;Não
BRT;Porto Alegre;Operacional não TMA;1980;Não
BRT;Porto Alegre;Operacional não TMA;1980;Não
BRT;Porto Alegre;Operacional não TMA;1980;Não
BRT;Porto Alegre;Operacional não TMA;1980;Não
BRT;Porto Alegre;Operacional não TMA;1980;Não
BRT;Porto Alegre;Operacional não TMA;1980;Não
BRT;Porto Alegre;Operacional não TMA;1981;Não
BRT;Porto Alegre;Operacional não TMA;1981;Não
BRT;Porto Alegre;Operacional não TMA;1981;Não
BRT;Porto Alegre;Operacional não TMA;1981;Não
BRT;Porto Alegre;Operacional não TMA;1981;Não
BRT;Porto Alegre;Operacional não TMA;1981;Não
BRT;Porto Alegre;Operacional;1981;Sim
BRT;Porto Alegre;Operacional;1981;Sim
BRT;Porto Alegre;Operacional;1981;Sim
BRT;Porto Alegre;Operacional;1981;Sim
BRT;Porto Alegre;Operacional;1981;Sim
BRT;Porto Alegre;Operacional;1981;Sim
BRT;Porto Alegre;Operacional;1981;Sim
BRT;Porto Alegre;Operacional;1981;Sim
BRT;Porto Alegre;Operacional;1981;Sim
BRT;Porto Alegre;Operacional não TMA;2008;Não
BRT;Porto Alegre;Operacional não TMA;2008;Não
BRT;Porto Alegre;Operacional não TMA;2008;Não
BRT;Porto Alegre;Operacional não TMA;2008;Não
BRT;Porto Alegre;Operacional não TMA;2008;Não
BRT;Porto Alegre;Operacional não TMA;2008;Não
BRT;Porto Alegre;Operacional não TMA;2008;Não
BRT;Porto Alegre;Operacional não TMA;2008;Não
BRT;Porto Alegre;Operacional não TMA;2008;Não
BRT;Porto Alegre;Operacional;1990;Sim
BRT;Porto Alegre;Operacional;1990;Sim
BRT;Porto Alegre;Operacional;1990;Sim
BRT;Porto Alegre;Operacional;1990;Sim
BRT;Porto Alegre;Operacional;1990;Sim
BRT;Porto Alegre;Operacional;1990;Sim
BRT;Porto Alegre;Operacional;1990;Sim
BRT;Porto Alegre;Operacional;1990;Sim
BRT;Porto Alegre;Operacional;1990;Sim
BRT;Porto Alegre;Operacional;1990;Sim
BRT;Porto Alegre;Operacional;1990;Sim
BRT;Porto Alegre;Operacional;1990;Sim
BRT;Porto Alegre;Operacional;1990;Sim
BRT;Porto Alegre;Operacional;1990;Sim
BRT;Porto Alegre;Operacional;1990;Sim
BRT;Porto Alegre;Operacional;1990;Sim
BRT;Porto Alegre;Operacional;1990;Sim
BRT;Porto Alegre;Operacional;1990;Sim
BRT;Porto Alegre;Operacional;1990;Sim
BRT;Porto Alegre;Operacional;1990;Sim
BRT;Porto Alegre;Operacional;1990;Sim
BRT;Porto Alegre;Operacional;1980;Sim
BRT;Porto Alegre;Operacional;1980;Sim
BRT;Porto Alegre;Operacional;1980;Sim
BRT;Porto Alegre;Operacional;1980;Sim
BRT;Porto Alegre;Operacional;1980;Sim
BRT;Porto Alegre;Operacional;1980;Sim
BRT;Porto Alegre;Operacional não TMA;1980;Não
BRT;Porto Alegre;Operacional;2003;Sim
BRT;Porto Alegre;Operacional;2003;Sim
BRT;Porto Alegre;Operacional;2003;Sim
BRT;Porto Alegre;Operacional;2003;Sim
BRT;Porto Alegre;Operacional;2003;Sim
BRT;Porto Alegre;Operacional;2003;Sim
BRT;Porto Alegre;Operacional;2003;Sim
BRT;Porto Alegre;Operacional;2003;Sim
BRT;Porto Alegre;Operacional;2003;Sim
BRT;Porto Alegre;Operacional;2003;Sim
BRT;Porto Alegre;Operacional;2003;Sim
BRT;Porto Alegre;Operacional;2003;Sim
BRT;Porto Alegre;Operacional;2003;Sim
BRT;Porto Alegre;Operacional;2003;Sim
BRT;Porto Alegre;Operacional;2003;Sim
BRT;Porto Alegre;Operacional;2003;Sim
BRT;Porto Alegre;Operacional;2003;Sim
BRT;Porto Alegre;Operacional;2003;Sim
BRT;Porto Alegre;Operacional;2003;Sim
BRT;Porto Alegre;Operacional;2003;Sim
BRT;Porto Alegre;Operacional;2003;Sim
BRT;Porto Alegre;Operacional;2003;Sim
BRT;Juiz de Fora;Operacional;1982;Sim
BRT;Juiz de Fora;Operacional;1982;Sim
BRT;Juiz de Fora;Operacional;1982;Sim
BRT;Juiz de Fora;Operacional;1982;Sim
BRT;Juiz de Fora;Operacional;1982;Sim
BRT;Juiz de Fora;Operacional;1982;Sim
BRT;Juiz de Fora;Operacional;1982;Sim
BRT;Juiz de Fora;Operacional;1982;Sim
BRT;Criciúma;Operacional;1996;Sim
BRT;Criciúma;Operacional;1996;Sim
BRT;Criciúma;Operacional;1996;Sim
BRT;Criciúma;Operacional;1996;Sim
BRT;Criciúma;Operacional;1996;Sim
BRT;Criciúma;Operacional;1996;Sim
BRT;Criciúma;Operacional;1996;Sim
BRT;Criciúma;Operacional;1996;Sim
BRT;Criciúma;Operacional;1996;Sim
BRT;Criciúma;Operacional;1996;Sim
BRT;Criciúma;Operacional;1996;Sim
BRT;Criciúma;Operacional;1996;Sim
BRT;Criciúma;Operacional;1996;Sim
BRT;Criciúma;Operacional;1996;Sim
BRT;Criciúma;Operacional;1996;Sim
BRT;Criciúma;Operacional;1996;Sim
BRT;Criciúma;Operacional;1996;Sim
BRT;Campinas;Operacional;1986;Sim
BRT;Campinas;Operacional;1986;Sim
BRT;Campinas;Operacional;2023;Sim
BRT;Rio de Janeiro;Operacional;2016;Sim
BRT;João Pessoa;Planejado;9999;NI
BRT;João Pessoa;Planejado;9999;NI
BRT;João Pessoa;Planejado;9999;NI
BRT;João Pessoa;Planejado;9999;NI
BRT;João Pessoa;Planejado;9999;NI
BRT;João Pessoa;Planejado;9999;NI
BRT;João Pessoa;Planejado;9999;NI
BRT;João Pessoa;Planejado;9999;NI
BRT;João Pessoa;Planejado;9999;NI
BRT;João Pessoa;Planejado;9999;NI
BRT;João Pessoa;Planejado;9999;NI
BRT;João Pessoa;Planejado;9999;NI
BRT;João Pessoa;Planejado;9999;NI
BRT;João Pessoa;Planejado;9999;NI
BRT;João Pessoa;Planejado;9999;NI
BRT;João Pessoa;Planejado;9999;NI
BRT;João Pessoa;Planejado;9999;NI
BRT;João Pessoa;Planejado;9999;NI
BRT;João Pessoa;Planejado;9999;NI
BRT;João Pessoa;Planejado;9999;NI
BRT;João Pessoa;Planejado;9999;NI
BRT;João Pessoa;Planejado;9999;NI
BRT;João Pessoa;Planejado;9999;NI
BRT;João Pessoa;Planejado;9999;NI
BRT;João Pessoa;Planejado;9999;NI
BRT;João Pessoa;Planejado;9999;NI
BRT;João Pessoa;Planejado;9999;NI
BRT;João Pessoa;Planejado;9999;NI
BRT;João Pessoa;Planejado;9999;NI
BRT;João Pessoa;Planejado;9999;NI
BRT;João Pessoa;Planejado;9999;NI
BRT;João Pessoa;Planejado;9999;NI
BRT;João Pessoa;Planejado;9999;NI
BRT;João Pessoa;Planejado;9999;NI
BRT;João Pessoa;Planejado;9999;NI
BRT;João Pessoa;Planejado;9999;NI
BRT;João Pessoa;Planejado;9999;NI
BRT;João Pessoa;Planejado;9999;NI
BRT;João Pessoa;Planejado;9999;NI
BRT;João Pessoa;Planejado;9999;NI
BRT;João Pessoa;Planejado;9999;NI
BRT;João Pessoa;Planejado;9999;NI
BRT;João Pessoa;Planejado;9999;NI
BRT;João Pessoa;Planejado;9999;NI
BRT;João Pessoa;Planejado;9999;NI
BRT;João Pessoa;Planejado;9999;NI
BRT;João Pessoa;Planejado;9999;NI
BRT;João Pessoa;Planejado;9999;NI
BRT;João Pessoa;Planejado;9999;NI
BRT;João Pessoa;Planejado;9999;NI
BRT;João Pessoa;Planejado;9999;NI
BRT;João Pessoa;Planejado;9999;NI
BRT;João Pessoa;Planejado;9999;NI
BRT;João Pessoa;Planejado;9999;NI
BRT;João Pessoa;Planejado;9999;NI
BRT;João Pessoa;Planejado;9999;NI
BRT;João Pessoa;Planejado;9999;NI
BRT;Brasília;Planejado;9999;NI
BRT;Brasília;Planejado;9999;NI
BRT;Brasília;Planejado;9999;NI
BRT;Brasília;Planejado;9999;NI
BRT;Brasília;Planejado;9999;NI
BRT;Brasília;Planejado;9999;NI
BRT;Brasília;Planejado;9999;NI
BRT;Brasília;Planejado;9999;NI
BRT;Brasília;Planejado;9999;NI
BRT;Brasília;Planejado;9999;NI
BRT;Brasília;Planejado;9999;NI
BRT;Brasília;Planejado;9999;NI
BRT;Brasília;Planejado;9999;NI
BRT;Brasília;Planejado;9999;NI
BRT;Brasília;Planejado;9999;NI
BRT;Brasília;Planejado;9999;NI
BRT;Brasília;Planejado;9999;NI
BRT;Brasília;Planejado;9999;NI
BRT;Brasília;Planejado;9999;NI
BRT;Brasília;Planejado;9999;NI
BRT;Brasília;Planejado;9999;NI
BRT;Brasília;Planejado;9999;NI
BRT;Brasília;Planejado;9999;NI
BRT;Brasília;Planejado;9999;NI
BRT;Brasília;Planejado;9999;NI
BRT;Brasília;Planejado;9999;NI
BRT;Brasília;Planejado;9999;NI
BRT;Brasília;Planejado;9999;NI
BRT;Brasília;Planejado;9999;NI
BRT;Brasília;Planejado;9999;NI
BRT;Brasília;Planejado;9999;NI
BRT;Brasília;Planejado;9999;NI
BRT;Brasília;Planejado;9999;NI
BRT;Brasília;Planejado;9999;NI
BRT;Brasília;Planejado;9999;NI
BRT;Brasília;Planejado;9999;NI
BRT;Brasília;Planejado;9999;NI
BRT;Brasília;Planejado;9999;NI
BRT;Brasília;Planejado;9999;NI
BRT;Brasília;Planejado;9999;NI
BRT;São Paulo;Operacional não TMA;2017;Não
BRT;São Paulo;Em construção;2026;NI
BRT;São Paulo;Em construção;2026;NI
BRT;São Paulo;Operacional não TMA;2021;Não
BRT;São Paulo;Operacional não TMA;2;Não
BRT;São Paulo;Operacional não TMA;2;Não
BRT;São Paulo;Operacional não TMA;2;Não
BRT;São Paulo;Em construção;2026;NI
BRT;São Paulo;Operacional não TMA;2;Não
BRT;São Paulo;Em construção;2026;NI
BRT;São Paulo;Em construção;2026;NI
BRT;São Paulo;Operacional não TMA;2;Não
BRT;São Paulo;Operacional não TMA;2;Não
BRT;São Paulo;Em construção;2026;NI
BRT;São Paulo;Operacional não TMA;2;Não
BRT;São Paulo;Operacional não TMA;2018;Não
BRT;São Paulo;Operacional não TMA;2018;Não
BRT;São Paulo;Operacional não TMA;2018;Não
BRT;São Paulo;Operacional não TMA;2018;Não
BRT;Belém;Operacional;2017;Sim
BRT;Belém;Operacional;2017;Sim
BRT;Belém;Operacional;2019;Sim
BRT;Belém;Operacional;2019;Sim
BRT;Belém;Operacional;2019;Sim
BRT;Belém;Operacional;2017;Sim
BRT;Belém;Operacional;2019;Sim
BRT;Belém;Operacional;2019;Sim
BRT;Belém;Operacional;2018;Sim
BRT;Belém;Operacional;2018;Sim
BRT;Belém;Operacional;2018;Sim
BRT;Belém;Operacional;2018;Sim
BRT;Belém;Operacional;2018;Sim
BRT;Belém;Operacional;2018;Sim
BRT;Belém;Operacional;2018;Sim
BRT;Belém;Operacional;2017;Sim
BRT;São Paulo;Planejado;9999;NI
BRT;São Paulo;Planejado;9999;NI
BRT;São Paulo;Planejado;9999;NI
BRT;São Paulo;Planejado;9999;NI
BRT;São Paulo;Planejado;9999;NI
BRT;São Paulo;Planejado;9999;NI
BRT;São Paulo;Planejado;9999;NI
BRT;São Paulo;Planejado;9999;NI
BRT;São Paulo;Planejado;9999;NI
BRT;São Paulo;Em construção;9999;NI
BRT;São Paulo;Em construção;9999;NI
BRT;São Paulo;Operacional não TMA;2018;Não
BRT;São Paulo;Operacional não TMA;2018;Não
BRT;São Paulo;Operacional não TMA;2018;Não
BRT;São Paulo;Operacional não TMA;2018;Não
BRT;São Paulo;Planejado;9999;NI
BRT;São Paulo;Planejado;9999;NI
BRT;São Paulo;Planejado;9999;NI
BRT;São Paulo;Planejado;9999;NI
BRT;São Paulo;Planejado;9999;NI
BRT;São Paulo;Planejado;9999;NI
BRT;São Paulo;Planejado;9999;NI
BRT;São Paulo;Planejado;9999;NI
BRT;São Paulo;Planejado;9999;NI
BRT;São Paulo;Planejado;9999;NI
BRT;São Paulo;Planejado;9999;NI
BRT;São Paulo;Planejado;9999;NI
BRT;São Paulo;Planejado;9999;NI
BRT;São Paulo;Planejado;9999;NI
BRT;São Paulo;Planejado;9999;NI
BRT;São Paulo;Planejado;9999;NI
BRT;São Paulo;Planejado;9999;NI
BRT;São Paulo;Planejado;9999;NI
BRT;São Paulo;Planejado;9999;NI
BRT;São Paulo;Planejado;9999;NI
BRT;São Paulo;Planejado;9999;NI
BRT;São Paulo;Planejado;9999;NI
BRT;São Paulo;Planejado;9999;NI
BRT;São Paulo;Planejado;9999;NI
BRT;São Paulo;Planejado;9999;NI
BRT;São Paulo;Planejado;9999;NI
BRT;São Paulo;Planejado;9999;NI
BRT;São Paulo;Planejado;9999;NI
BRT;São Paulo;Planejado;9999;NI
BRT;São Paulo;Planejado;9999;NI
BRT;São Paulo;Planejado;9999;NI
BRT;São Paulo;Planejado;9999;NI
BRT;São Paulo;Planejado;9999;NI
BRT;São Paulo;Planejado;9999;NI
BRT;São Paulo;Planejado;9999;NI
BRT;São Paulo;Planejado;9999;NI
BRT;São Paulo;Planejado;9999;NI
BRT;São Paulo;Planejado;9999;NI
BRT;São Paulo;Planejado;9999;NI
BRT;São Paulo;Planejado;9999;NI
BRT;São Paulo;Planejado;9999;NI
BRT;São Paulo;Planejado;9999;NI
BRT;São Paulo;Planejado;9999;NI
BRT;São Paulo;Planejado;9999;NI
BRT;São Paulo;Planejado;9999;NI
BRT;São Paulo;Planejado;9999;NI
BRT;São Paulo;Planejado;9999;NI
BRT;São Paulo;Planejado;9999;NI
BRT;São Paulo;Planejado;9999;NI
BRT;São Paulo;Planejado;9999;NI
BRT;São Paulo;Planejado;9999;NI
BRT;São Paulo;Planejado;9999;NI
BRT;São Paulo;Planejado;9999;NI
BRT;São Paulo;Planejado;9999;NI
BRT;São Paulo;Planejado;9999;NI
BRT;São Paulo;Planejado;9999;NI
BRT;São Paulo;Planejado;9999;NI
BRT;São Paulo;Planejado;9999;NI
BRT;São Paulo;Planejado;9999;NI
BRT;São Paulo;Planejado;9999;NI
BRT;São Paulo;Planejado;9999;NI
BRT;São Paulo;Planejado;9999;NI
BRT;São Paulo;Planejado;9999;NI
BRT;São Paulo;Planejado;9999;NI
BRT;São Paulo;Planejado;9999;NI
BRT;São Paulo;Planejado;9999;NI
BRT;São Paulo;Planejado;9999;NI
BRT;São Paulo;Planejado;9999;NI
BRT;São Paulo;Planejado;9999;NI
BRT;São Paulo;Planejado;9999;NI
BRT;Porto Alegre;Operacional não TMA;2014;Não
BRT;Porto Alegre;Operacional não TMA;2014;Não
BRT;Porto Alegre;Operacional não TMA;2014;Não
BRT;Porto Alegre;Operacional não TMA;2014;Não
BRT;Porto Alegre;Operacional;1;Sim
BRT;Fortaleza;Operacional não TMA;2015;Não
BRT;Fortaleza;Operacional não TMA;2015;Não
BRT;Fortaleza;Operacional não TMA;2015;Não
BRT;Fortaleza;Operacional não TMA;2015;Não
BRT;Fortaleza;Operacional não TMA;2015;Não
BRT;Fortaleza;Operacional não TMA;2015;Não
BRT;Fortaleza;Operacional não TMA;2015;Não
BRT;Fortaleza;Operacional não TMA;2015;Não
BRT;Fortaleza;Operacional não TMA;2015;Não
BRT;Fortaleza;Operacional não TMA;2015;Não
BRT;Belo Horizonte;Operacional;2018;Sim
BRT;Fortaleza;Operacional não TMA;2019;Não
BRT;Fortaleza;Operacional não TMA;2019;Não
BRT;Fortaleza;Operacional não TMA;2019;Não
BRT;Fortaleza;Operacional não TMA;2019;Não
BRT;Fortaleza;Operacional não TMA;2015;Não
BRT;Porto Alegre;Operacional;2003;Sim
BRT;Belo Horizonte;Planejado;2030;NI
BRT;Belo Horizonte;Planejado;2030;NI
BRT;Belo Horizonte;Planejado;2030;NI
BRT;Belo Horizonte;Operacional;2016;Sim
BRT;Campinas;Operacional;2023;Sim
BRT;Curitiba;Operacional;2024;Sim
BRT;Curitiba;Operacional  ;2024;Sim
BRT;Florianópolis;Planejado;9999;NI
BRT;Florianópolis;Planejado;9999;NI
BRT;Florianópolis;Planejado;9999;NI
BRT;Florianópolis;Planejado;9999;NI
BRT;Florianópolis;Planejado;9999;NI
BRT;Florianópolis;Planejado;9999;NI
BRT;Florianópolis;Planejado;9999;NI
BRT;Florianópolis;Planejado;9999;NI
BRT;Florianópolis;Planejado;9999;NI
BRT;Florianópolis;Planejado;9999;NI
BRT;Florianópolis;Planejado;9999;NI
BRT;Florianópolis;Planejado;9999;NI
BRT;Florianópolis;Planejado;9999;NI
BRT;Florianópolis;Planejado;9999;NI
BRT;Florianópolis;Planejado;9999;NI
BRT;Florianópolis;Planejado;9999;NI
BRT;Florianópolis;Planejado;9999;NI
BRT;Florianópolis;Planejado;9999;NI
BRT;Florianópolis;Planejado;9999;NI
BRT;Florianópolis;Planejado;9999;NI
BRT;Florianópolis;Planejado;9999;NI
BRT;Florianópolis;Planejado;9999;NI
BRT;Florianópolis;Planejado;9999;NI
BRT;Florianópolis;Planejado;9999;NI
BRT;Florianópolis;Planejado;9999;NI
BRT;Florianópolis;Planejado;9999;NI
BRT;Florianópolis;Planejado;9999;NI
BRT;Florianópolis;Planejado;9999;NI
BRT;Florianópolis;Planejado;9999;NI
BRT;Florianópolis;Planejado;9999;NI
BRT;Florianópolis;Planejado;9999;NI
BRT;Florianópolis;Planejado;9999;NI
BRT;Florianópolis;Planejado;9999;NI
BRT;Florianópolis;Planejado;9999;NI
BRT;Florianópolis;Planejado;9999;NI
BRT;Florianópolis;Planejado;9999;NI
BRT;Uberlândia;Operacional;2018;Sim
BRT;Uberlândia;Operacional;2018;Sim
BRT;Uberlândia;Operacional;2018;Sim
BRT;Uberlândia;Operacional;2018;Sim
BRT;Uberlândia;Operacional;2018;Sim
BRT;Uberlândia;Operacional;2018;Sim
BRT;Uberlândia;Operacional;2018;Sim
BRT;Uberlândia;Operacional;2018;Sim
BRT;Uberlândia;Operacional;2018;Sim
BRT;Uberlândia;Operacional;2018;Sim
BRT;Uberlândia;Operacional;2018;Sim
BRT;Uberlândia;Operacional;2018;Sim
BRT;Recife;Em construção;9999;NI
BRT;Recife;Em construção;9999;NI
BRT;Belém;Operacional;2019;Sim
BRT;Belém;Operacional;2019;Sim
BRT;Belém;Operacional;2019;Sim
BRT;Belém;Operacional;2019;Sim
BRT;Belém;Operacional;2019;Sim
BRT;Salvador;Operacional;2024;Sim
BRT;Salvador;Operacional;2024;Sim
BRT;Salvador;Operacional;2024;Sim
BRT;Salvador;Operacional;2024;Sim
BRT;Salvador;Operacional;2024;Sim
BRT;Salvador;Operacional;2024;Sim
BRT;Salvador;Operacional;2024;Sim
BRT;Salvador;Operacional;2023;Sim
BRT;Salvador;Operacional;2023;Sim
BRT;Salvador;Operacional;2023;Sim
BRT;Recife;Operacional não TMA;2019;Não
BRT;Recife;Operacional não TMA;2020;Não
BRT;Sorocaba;Operacional;2020;Sim
BRT;Sorocaba;Operacional;2020;Sim
BRT;Sorocaba;Operacional;2020;Sim
BRT;Sorocaba;Operacional;2020;Sim
BRT;Sorocaba;Operacional;2020;Sim
BRT;Sorocaba;Operacional;2020;Sim
BRT;Sorocaba;Operacional;2020;Sim
BRT;Sorocaba;Operacional;2020;Sim
BRT;Sorocaba;Operacional;2020;Sim
BRT;Sorocaba;Operacional;2020;Sim
BRT;Sorocaba;Operacional;2020;Sim
BRT;Sorocaba;Operacional;2020;Sim
BRT;Sorocaba;Operacional;2020;Sim
BRT;Teresina;Fechado;2019;Não
BRT;Teresina;Fechado;2019;Não
BRT;Teresina;Fechado;2019;Não
BRT;Teresina;Fechado;2019;Não
BRT;Teresina;Fechado;2019;Não
BRT;Teresina;Fechado;2019;Não
BRT;Teresina;Fechado;2018;Não
BRT;Teresina;Fechado;2018;Não
BRT;Teresina;Fechado;2018;Não
BRT;Teresina;Fechado;2018;Não
BRT;Teresina;Fechado;2018;Não
BRT;Teresina;Fechado;2018;Não
BRT;Teresina;Fechado;2018;Não
BRT;Teresina;Fechado;2018;Não
BRT;Teresina;Fechado;2018;Não
BRT;Teresina;Fechado;2018;Não
BRT;Teresina;Fechado;2018;Não
BRT;Teresina;Fechado;2018;Não
BRT;Teresina;Fechado;2018;Não
BRT;Teresina;Fechado;2018;Não
BRT;Teresina;Fechado;2018;Não
BRT;Teresina;Fechado;2019;Não
BRT;Teresina;Fechado;2019;Não
BRT;Teresina;Fechado;2019;Não
BRT;Teresina;Fechado;2019;Não
BRT;Teresina;Fechado;2019;Não
BRT;Teresina;Fechado;2020;Não
BRT;Teresina;Fechado;2020;Não
BRT;Teresina;Fechado;2020;Não
BRT;Teresina;Fechado;2020;Não
BRT;Teresina;Fechado;2020;Não
BRT;Teresina;Fechado;2020;Não
BRT;Teresina;Fechado;2020;Não
BRT;Teresina;Fechado;2020;Não
BRT;Teresina;Fechado;2019;Não
BRT;Teresina;Fechado;2019;Não
BRT;Teresina;Fechado;2019;Não
BRT;Teresina;Fechado;2019;Não
BRT;Teresina;Fechado;2019;Não
BRT;Teresina;Fechado;2019;Não
BRT;Teresina;Fechado;2019;Não
BRT;Teresina;Fechado;2018;Não
BRT;Teresina;Fechado;2018;Não
BRT;Teresina;Fechado;2018;Não
BRT;Teresina;Fechado;2018;Não
BRT;Curitiba;Operacional;2021;Sim
BRT;Curitiba;Operacional;2021;Sim
BRT;Sorocaba;Operacional;2021;Sim
BRT;Sorocaba;Operacional;2021;Sim
BRT;Sorocaba;Operacional;2021;Sim
BRT;Sorocaba;Operacional;2021;Sim
BRT;Sorocaba;Operacional;2021;Sim
BRT;Sorocaba;Operacional;2021;Sim
BRT;Sorocaba;Operacional;2021;Sim
BRT;Sorocaba;Operacional;2021;Sim
BRT;Sorocaba;Operacional;2021;Sim
BRT;Sorocaba;Operacional;2021;Sim
BRT;Sorocaba;Operacional;2021;Sim
BRT;Curitiba;Planejado;2025;NI
BRT;Curitiba;Operacional  ;2024;Sim
BRT;Curitiba;Planejado;2025;NI
BRT;Curitiba;Operacional;2024;Sim
Metrô;Fortaleza;Operacional;2009;Sim
Trem;Natal;Operacional não TMA;2;Não
BRT;Curitiba;Operacional;2020;Sim
BRT;Salvador;Operacional;2023;Sim
BRT;Salvador;Operacional;2023;Sim
BRT;Salvador;Operacional;2023;Sim
BRT;Campinas;Operacional;2022;Sim
BRT;Campinas;Operacional;2022;Sim
BRT;Campinas;Operacional;2022;Sim
BRT;Campinas;Operacional;2022;Sim
BRT;Campinas;Operacional;2022;Sim
Metrô;São Paulo;Operacional;1988;Sim
Metrô;São Paulo;Operacional;1988;Sim
Metrô;São Paulo;Operacional;1988;Sim
Metrô;São Paulo;Operacional;1988;Sim
Metrô;São Paulo;Operacional;1988;Sim
Metrô;São Paulo;Operacional;1986;Sim
Metrô;São Paulo;Operacional;1986;Sim
Metrô;São Paulo;Operacional;1981;Sim
Metrô;São Paulo;Operacional;1981;Sim
Metrô;São Paulo;Operacional;1980;Sim
Metrô;São Paulo;Operacional;1979;Sim
Metrô;São Paulo;Operacional;1979;Sim
Metrô;São Paulo;Operacional;1978;Sim
Metrô;São Paulo;Operacional;1983;Sim
Metrô;São Paulo;Operacional;1982;Sim
Metrô;São Paulo;Operacional;1982;Sim
Metrô;São Paulo;Operacional;1988;Sim
Metrô;São Paulo;Operacional;1988;Sim
Metrô;São Paulo;Operacional;1998;Sim
Metrô;São Paulo;Operacional;1998;Sim
Metrô;São Paulo;Operacional;1998;Sim
Metrô;São Paulo;Operacional;1975;Sim
Metrô;São Paulo;Operacional;1975;Sim
Metrô;São Paulo;Operacional;1975;Sim
Metrô;São Paulo;Operacional;1975;Sim
Metrô;São Paulo;Operacional;1975;Sim
Metrô;São Paulo;Operacional;1975;Sim
Metrô;São Paulo;Operacional;1975;Sim
Metrô;São Paulo;Operacional;1975;Sim
Metrô;São Paulo;Operacional;1975;Sim
Metrô;São Paulo;Operacional;1975;Sim
Metrô;São Paulo;Operacional;1975;Sim
Metrô;São Paulo;Operacional;1992;Sim
Metrô;São Paulo;Operacional;1975;Sim
Metrô;São Paulo;Operacional;1974;Sim
Metrô;São Paulo;Operacional;1974;Sim
Metrô;São Paulo;Operacional;1974;Sim
Metrô;São Paulo;Operacional;1974;Sim
Metrô;São Paulo;Operacional;2006;Sim
Metrô;São Paulo;Operacional;2006;Sim
Metrô;São Paulo;Operacional;2007;Sim
Metrô;São Paulo;Operacional;2010;Sim
Metrô;São Paulo;Operacional;1991;Sim
Metrô;São Paulo;Operacional;1991;Sim
Metrô;São Paulo;Operacional;1991;Sim
Metrô;São Paulo;Operacional;1992;Sim
Metrô;São Paulo;Operacional;1998;Sim
Metrô;São Paulo;Operacional;1998;Sim
Metrô;São Paulo;Operacional;2010;Sim
Metrô;São Paulo;Operacional;2011;Sim
Metrô;São Paulo;Operacional;2011;Sim
Metrô;São Paulo;Operacional;2014;Sim
Metrô;São Paulo;Operacional;2002;Sim
Metrô;São Paulo;Operacional;2002;Sim
Metrô;São Paulo;Operacional;2002;Sim
Metrô;São Paulo;Operacional;2002;Sim
Metrô;São Paulo;Operacional;2002;Sim
Metrô;São Paulo;Operacional;2002;Sim
Metrô;São Paulo;Operacional;1974;Sim
Metrô;São Paulo;Operacional;1974;Sim
Metrô;São Paulo;Operacional;2010;Sim
Metrô;São Paulo;Operacional;2010;Sim
Trem;São Paulo;Fechado;1949;Não
Trem;São Paulo;Operacional;1985;Sim
Trem;São Paulo;Fechado;1959;Não
Trem;São Paulo;Operacional;1987;Sim
Trem;São Paulo;Operacional não TMA;1985;Não
Trem;São Paulo;Operacional;1983;Sim
Trem;São Paulo;Operacional;1987;Sim
Trem;São Paulo;Operacional;1983;Sim
Trem;São Paulo;Operacional;1982;Sim
Trem;São Paulo;Operacional;1983;Sim
Trem;São Paulo;Operacional;1982;Sim
Trem;São Paulo;Operacional;1982;Sim
Trem;São Paulo;Operacional;1979;Sim
Trem;São Paulo;Operacional;2000;Sim
Trem;São Paulo;Operacional;1979;Sim
Trem;São Paulo;Operacional;1979;Sim
Trem;São Paulo;Operacional;1979;Sim
Trem;São Paulo;Operacional;1979;Sim
Trem;São Paulo;Operacional;1955;Sim
Trem;São Paulo;Operacional;1979;Sim
Trem;São Paulo;Operacional não TMA;1867;Não
Trem;São Paulo;Operacional não TMA;1883;Não
Trem;São Paulo;Operacional;1979;Sim
Trem;São Paulo;Operacional;1986;Sim
Trem;São Paulo;Operacional;1979;Sim
Trem;São Paulo;Operacional;1960;Sim
Trem;São Paulo;Operacional;1885;Sim
Trem;São Paulo;Operacional não TMA;1888;Não
Trem;São Paulo;Operacional não TMA;1955;Não
Trem;São Paulo;Operacional;1981;Sim
Trem;São Paulo;Operacional;1981;Sim
Trem;São Paulo;Operacional;1979;Sim
Trem;São Paulo;Operacional;1891;Sim
Trem;São Paulo;Operacional não TMA;1867;Não
Trem;São Paulo;Operacional;1867;Sim
Trem;São Paulo;Operacional;2000;Sim
Trem;São Paulo;Operacional;2001;Sim
Trem;São Paulo;Operacional;1987;Sim
Trem;São Paulo;Operacional;1981;Sim
Trem;São Paulo;Operacional;1981;Sim
Trem;São Paulo;Operacional;2000;Sim
Trem;São Paulo;Operacional;2000;Sim
Trem;São Paulo;Operacional;2000;Sim
Trem;São Paulo;Operacional;2000;Sim
Trem;São Paulo;Operacional;1938;Sim
Trem;São Paulo;Operacional;1867;Sim
Trem;São Paulo;Operacional;1867;Sim
Trem;São Paulo;Operacional;2010;Sim
Trem;São Paulo;Operacional;1886;Sim
Trem;São Paulo;Operacional;1898;Sim
Trem;São Paulo;Operacional;1883;Sim
Trem;São Paulo;Operacional;1981;Sim
Trem;São Paulo;Fechado;1934;Não
Trem;São Paulo;Fechado;1934;Não
Trem;São Paulo;Operacional;1952;Sim
Trem;São Paulo;Operacional;1867;Sim
Trem;São Paulo;Operacional;1926;Sim
Trem;São Paulo;Operacional;1883;Sim
Trem;São Paulo;Fechado;1978;Não
Trem;São Paulo;Operacional;1920;Sim
Trem;São Paulo;Operacional;1926;Sim
Trem;São Paulo;Operacional;2000;Sim
Trem;São Paulo;Operacional;1983;Sim
Trem;São Paulo;Operacional;1920;Sim
Trem;São Paulo;Operacional;2000;Sim
Trem;São Paulo;Operacional;1885;Sim
Trem;São Paulo;Operacional;2000;Sim
Trem;São Paulo;Operacional;1926;Sim
Trem;São Paulo;Operacional;1998;Sim
Trem;São Paulo;Operacional;1926;Sim
Trem;São Paulo;Operacional;1867;Sim
Trem;São Paulo;Operacional;1926;Sim
Trem;São Paulo;Operacional;1926;Sim
Trem;São Paulo;Operacional;1926;Sim
Trem;São Paulo;Operacional;1875;Sim
Trem;São Paulo;Operacional;1950;Sim
Trem;São Paulo;Operacional;1875;Sim
Trem;São Paulo;Operacional não TMA;1914;Não
Trem;São Paulo;Operacional não TMA;1929;Não
Trem;São Paulo;Operacional não TMA;1875;Não
Trem;São Paulo;Operacional não TMA;1976;Não
Trem;São Paulo;Fechado;1928;Não
Trem;São Paulo;Operacional;1988;Sim
Trem;São Paulo;Fechado;1952;Não
Trem;São Paulo;Fechado;1;Não
Trem;São Paulo;Fechado;1893;Não
Trem;São Paulo;Operacional;2008;Sim
Trem;São Paulo;Operacional;2008;Sim
Trem;São Paulo;Operacional não TMA;1876;Não
Trem;São Paulo;Operacional;2007;Sim
Trem;São Paulo;Operacional;2008;Sim
Trem;São Paulo;Operacional;2008;Sim
Trem;São Paulo;Operacional;2008;Sim
Trem;São Paulo;Operacional;2013;Sim
Trem;São Paulo;Operacional;2000;Sim
Trem;São Paulo;Operacional;1926;Sim
Trem;São Paulo;Operacional;1899;Sim
Trem;São Paulo;Planejado;2025;NI
Metrô;São Paulo;Operacional;2018;Sim
Metrô;São Paulo;Operacional;2014;Sim
Metrô;São Paulo;Operacional;2018;Sim
Metrô;São Paulo;Planejado;2027;NI
Metrô;São Paulo;Em construção;2026;NI
Metrô;São Paulo;Operacional;2018;Sim
Metrô;São Paulo;Em construção;2026;NI
Metrô;São Paulo;Em construção;2026;NI
Metrô;São Paulo;Em construção;2026;NI
Metrô;São Paulo;Em construção;2026;NI
Metrô;São Paulo;Em construção;2026;NI
Metrô;São Paulo;Em construção;2026;NI
Metrô;São Paulo;Em construção;2026;NI
Metrô;São Paulo;Em construção;2026;NI
Metrô;São Paulo;Em construção;2026;NI
Metrô;São Paulo;Em construção;2026;NI
Metrô;São Paulo;Em construção;2026;NI
Metrô;São Paulo;Em construção;2026;NI
Metrô;São Paulo;Em construção;2026;NI
Metrô;São Paulo;Operacional;2017;Sim
Metrô;São Paulo;Operacional;2017;Sim
Metrô;São Paulo;Operacional;2019;Sim
Metrô;São Paulo;Operacional;2018;Sim
Metrô;São Paulo;Operacional;2018;Sim
Metrô;São Paulo;Operacional;2018;Sim
Metrô;São Paulo;Operacional;2018;Sim
Metrô;São Paulo;Operacional;2017;Sim
Metrô;São Paulo;Operacional;2022;Sim
Metrô;São Paulo;Planejado;2027;NI
Metrô;São Paulo;Planejado;2027;NI
Metrô;São Paulo;Planejado;2027;NI
Trem;São Paulo;Planejado;2025;NI
Metrô;São Paulo;Planejado;2027;NI
Metrô;São Paulo;Planejado;2027;NI
Metrô;São Paulo;Planejado;2027;NI
Metrô;São Paulo;Planejado;2027;NI
Metrô;São Paulo;Planejado;2027;NI
Metrô;São Paulo;Planejado;2025;NI
Metrô;São Paulo;Planejado;2028;NI
Metrô;São Paulo;Planejado;2028;NI
Metrô;São Paulo;Cancelado;9999;NI
Metrô;São Paulo;Planejado;9999;NI
Metrô;São Paulo;Planejado;9999;NI
Metrô;São Paulo;Planejado;2025;NI
Metrô;São Paulo;Planejado;2025;NI
Metrô;São Paulo;Planejado;2025;NI
Metrô;São Paulo;Planejado;2025;NI
Metrô;São Paulo;Planejado;2025;NI
Metrô;São Paulo;Planejado;2025;NI
Metrô;São Paulo;Planejado;2025;NI
Metrô;São Paulo;Planejado;2025;NI
Metrô;São Paulo;Planejado;2025;NI
Metrô;São Paulo;Planejado;2025;NI
Metrô;São Paulo;Planejado;2025;NI
Metrô;São Paulo;Planejado;2025;NI
Metrô;São Paulo;Planejado;2025;NI
Metrô;São Paulo;Planejado;2025;NI
Metrô;São Paulo;Planejado;2025;NI
Metrô;São Paulo;Planejado;2025;NI
Metrô;São Paulo;Planejado;2025;NI
Metrô;São Paulo;Planejado;2025;NI
Metrô;São Paulo;Planejado;2025;NI
Metrô;São Paulo;Planejado;2025;NI
Trem;São Paulo;Planejado;2025;NI
Trem;São Paulo;Planejado;2025;NI
Trem;São Paulo;Planejado;2025;NI
Trem;São Paulo;Operacional;2022;Sim
Trem;Natal;Operacional não TMA;2022;Não
Trem;São Paulo;Operacional;2021;Sim
Metrô;São Paulo;Planejado;2027;NI
Metrô;São Paulo;Planejado;2025;NI
Metrô;São Paulo;Planejado;2025;NI
Metrô;São Paulo;Planejado;2025;NI
Metrô;São Paulo;Planejado;2025;NI
Metrô;São Paulo;Planejado;2025;NI
Metrô;São Paulo;Planejado;2025;NI
Metrô;São Paulo;Planejado;2025;NI
Metrô;São Paulo;Planejado;2025;NI
Metrô;São Paulo;Planejado;2025;NI
Metrô;São Paulo;Planejado;2025;NI
Metrô;São Paulo;Planejado;2025;NI
Metrô;São Paulo;Planejado;2025;NI
Metrô;São Paulo;Planejado;2025;NI
Metrô;São Paulo;Planejado;2025;NI
Metrô;São Paulo;Planejado;2025;NI
Metrô;São Paulo;Planejado;2027;NI
Metrô;São Paulo;Planejado;2027;NI
Metrô;São Paulo;Planejado;2027;NI
Metrô;São Paulo;Planejado;2027;NI
Metrô;São Paulo;Planejado;2027;NI
Metrô;São Paulo;Planejado;2027;NI
Trem;São Paulo;Planejado;2025;NI
Trem;São Paulo;Planejado;2025;NI
Trem;São Paulo;Operacional;2018;Sim
Trem;São Paulo;Operacional;2018;Sim
Trem;São Paulo;Planejado;2025;NI
Trem;São Paulo;Planejado;2025;NI
Trem;São Paulo;Planejado;2025;NI
Trem;São Paulo;Planejado;2025;NI
Trem;São Paulo;Planejado;2025;NI
Trem;São Paulo;Planejado;2025;NI
Trem;São Paulo;Planejado;2025;NI
Trem;São Paulo;Planejado;2025;NI
Trem;São Paulo;Planejado;2025;NI
Trem;São Paulo;Planejado;2025;NI
Trem;São Paulo;Planejado;2025;NI
Trem;São Paulo;Planejado;2025;NI
Trem;São Paulo;Planejado;2025;NI
Trem;São Paulo;Planejado;2025;NI
Trem;São Paulo;Planejado;2025;NI
Trem;São Paulo;Planejado;2025;NI
Trem;São Paulo;Planejado;2025;NI
Trem;São Paulo;Planejado;2025;NI
Trem;São Paulo;Planejado;2025;NI
Trem;São Paulo;Planejado;2025;NI
Trem;São Paulo;Planejado;2025;NI
Trem;São Paulo;Planejado;2025;NI
Trem;São Paulo;Operacional não TMA;1908;Não
Trem;São Paulo;Operacional não TMA;1881;Não
Trem;São Paulo;Operacional não TMA;1891;Não
Trem;São Paulo;Operacional não TMA;1867;Não
Metrô;Recife;Operacional;1985;Sim
Metrô;Recife;Operacional;1985;Sim
Metrô;Recife;Operacional;1985;Sim
Metrô;Recife;Operacional;1985;Sim
Metrô;Recife;Operacional;1985;Sim
Metrô;Recife;Operacional;1985;Sim
Metrô;Recife;Operacional;1985;Sim
Metrô;Recife;Operacional;1986;Sim
Metrô;Recife;Operacional;1986;Sim
Metrô;Recife;Operacional;1986;Sim
Metrô;Recife;Operacional;1986;Sim
Metrô;Recife;Operacional;1986;Sim
Metrô;Recife;Operacional;1986;Sim
Metrô;Recife;Operacional;2013;Sim
Metrô;Recife;Operacional;2002;Sim
Metrô;Recife;Operacional;1987;Sim
Metrô;Recife;Operacional;1987;Sim
Metrô;Recife;Operacional;1987;Sim
Metrô;Recife;Operacional;1987;Sim
Metrô;Recife;Operacional;2005;Sim
Metrô;Recife;Operacional;2005;Sim
Metrô;Recife;Operacional;2008;Sim
Metrô;Recife;Operacional;2008;Sim
Metrô;Recife;Operacional;2009;Sim
Metrô;Recife;Operacional;2009;Sim
Metrô;Recife;Operacional;2009;Sim
Metrô;Recife;Operacional;2009;Sim
Metrô;Recife;Operacional;2009;Sim
Metrô;São Paulo;Planejado;2027;NI
Metrô;São Paulo;Planejado;2027;NI
Metrô;São Paulo;Planejado;2027;NI
Metrô;São Paulo;Planejado;2027;NI
Metrô;São Paulo;Planejado;2027;NI
Metrô;São Paulo;Operacional;2018;Sim
Metrô;São Paulo;Planejado;2025;NI
Metrô;Porto Alegre;Operacional;1985;Sim
Metrô;Porto Alegre;Operacional;1985;Sim
Metrô;Porto Alegre;Operacional;1985;Sim
Metrô;Porto Alegre;Operacional;1985;Sim
Metrô;Porto Alegre;Operacional;1985;Sim
Metrô;Porto Alegre;Operacional;1985;Sim
Metrô;Porto Alegre;Operacional;1985;Sim
Metrô;Porto Alegre;Operacional;1985;Sim
Metrô;Porto Alegre;Operacional;1985;Sim
Metrô;Porto Alegre;Operacional;1985;Sim
Metrô;Porto Alegre;Operacional;1985;Sim
Metrô;Porto Alegre;Operacional;1985;Sim
Metrô;Porto Alegre;Operacional;1985;Sim
Metrô;Porto Alegre;Operacional;1985;Sim
Metrô;Porto Alegre;Operacional;1985;Sim
Metrô;Porto Alegre;Operacional;1997;Sim
Metrô;Porto Alegre;Operacional;2000;Sim
Metrô;Porto Alegre;Operacional;2012;Sim
Metrô;Porto Alegre;Operacional;2012;Sim
Metrô;Porto Alegre;Operacional;2014;Sim
Metrô;Porto Alegre;Operacional;2014;Sim
Metrô;Porto Alegre;Operacional;2014;Sim
Metrô;Salvador;Operacional;2014;Sim
Metrô;Salvador;Operacional;2014;Sim
Metrô;Salvador;Operacional;2014;Sim
Metrô;Salvador;Operacional;2015;Sim
Metrô;Salvador;Operacional;2014;Sim
Metrô;Salvador;Operacional;2014;Sim
Metrô;Salvador;Operacional;2015;Sim
Metrô;Salvador;Operacional;2015;Sim
Trem;Salvador;Fechado;1860;Não
Trem;Salvador;Fechado;1;Não
Trem;Salvador;Fechado;1938;Não
Trem;Salvador;Fechado;1860;Não
Trem;Salvador;Fechado;1941;Não
Trem;Salvador;Fechado;1860;Não
Trem;Salvador;Fechado;1941;Não
Trem;Salvador;Fechado;1860;Não
Trem;Salvador;Fechado;1942;Não
Trem;Salvador;Fechado;1860;Não
Metrô;Fortaleza;Operacional;2017;Sim
Metrô;Fortaleza;Operacional;2017;Sim
Metrô;Fortaleza;Operacional;2017;Sim
Metrô;Fortaleza;Operacional;2017;Sim
Metrô;Fortaleza;Operacional;2017;Sim
Metrô;Fortaleza;Operacional;2017;Sim
Metrô;Fortaleza;Operacional;2017;Sim
Metrô;Fortaleza;Operacional;2017;Sim
Metrô;Fortaleza;Operacional;2017;Sim
Metrô;Fortaleza;Operacional;2017;Sim
Metrô;Fortaleza;Operacional;2017;Sim
Metrô;Fortaleza;Operacional;2017;Sim
Metrô;Fortaleza;Operacional;2017;Sim
Metrô;Fortaleza;Operacional;2017;Sim
Metrô;Fortaleza;Operacional;2017;Sim
Metrô;Fortaleza;Operacional;2017;Sim
Metrô;Fortaleza;Operacional;2017;Sim
Metrô;Fortaleza;Operacional;2017;Sim
Metrô;Rio de Janeiro;Operacional;1981;Sim
Metrô;Rio de Janeiro;Operacional;1981;Sim
Metrô;Rio de Janeiro;Operacional;1981;Sim
Metrô;Rio de Janeiro;Operacional;1981;Sim
Metrô;Rio de Janeiro;Operacional;1979;Sim
Metrô;Rio de Janeiro;Operacional;1979;Sim
Metrô;Rio de Janeiro;Operacional;1979;Sim
Metrô;Rio de Janeiro;Operacional;1980;Sim
Metrô;Rio de Janeiro;Operacional;1981;Sim
Metrô;Rio de Janeiro;Operacional;1979;Sim
Metrô;Rio de Janeiro;Operacional;1979;Sim
Metrô;Rio de Janeiro;Operacional;1981;Sim
Metrô;Rio de Janeiro;Operacional;1981;Sim
Metrô;Rio de Janeiro;Operacional;1981;Sim
Metrô;Rio de Janeiro;Operacional;1981;Sim
Metrô;Rio de Janeiro;Operacional;1998;Sim
Metrô;Rio de Janeiro;Operacional;2003;Sim
Metrô;Rio de Janeiro;Operacional;2007;Sim
Metrô;Rio de Janeiro;Operacional;2009;Sim
Metrô;Rio de Janeiro;Operacional;2010;Sim
Metrô;Rio de Janeiro;Operacional;1981;Sim
Metrô;Rio de Janeiro;Operacional;1981;Sim
Metrô;Rio de Janeiro;Operacional;1988;Sim
Metrô;Rio de Janeiro;Operacional;1983;Sim
Metrô;Rio de Janeiro;Operacional;1983;Sim
Metrô;Rio de Janeiro;Operacional;1983;Sim
Metrô;Rio de Janeiro;Operacional;1991;Sim
Metrô;Rio de Janeiro;Operacional;1996;Sim
Metrô;Rio de Janeiro;Operacional;1996;Sim
Metrô;Rio de Janeiro;Operacional;1998;Sim
Metrô;Rio de Janeiro;Operacional;1998;Sim
Metrô;Rio de Janeiro;Operacional;1998;Sim
Metrô;Rio de Janeiro;Operacional;1998;Sim
Metrô;Rio de Janeiro;Operacional;1998;Sim
Metrô;Rio de Janeiro;Operacional;1998;Sim
Metrô;Rio de Janeiro;Operacional;2014;Sim
Metrô;Rio de Janeiro;Operacional;2016;Sim
Metrô;Rio de Janeiro;Operacional;2016;Sim
Metrô;Rio de Janeiro;Operacional;2016;Sim
Metrô;Rio de Janeiro;Operacional;2016;Sim
Metrô;Rio de Janeiro;Operacional;2016;Sim
Metrô;Rio de Janeiro;Operacional;2016;Sim
Trem;Rio de Janeiro;Operacional;1907;Sim
Trem;Rio de Janeiro;Operacional;1858;Sim
Trem;Rio de Janeiro;Operacional;1885;Sim
Trem;Rio de Janeiro;Operacional;1869;Sim
Trem;Rio de Janeiro;Operacional;1861;Sim
Trem;Rio de Janeiro;Operacional;1869;Sim
Trem;Rio de Janeiro;Operacional;1885;Sim
Trem;Rio de Janeiro;Operacional;1858;Sim
Trem;Rio de Janeiro;Operacional;1923;Sim
Trem;Rio de Janeiro;Operacional;1889;Sim
Trem;Rio de Janeiro;Operacional;1873;Sim
Trem;Rio de Janeiro;Operacional;1873;Sim
Trem;Rio de Janeiro;Operacional;1876;Sim
Trem;Rio de Janeiro;Operacional;1858;Sim
Trem;Rio de Janeiro;Operacional;1890;Sim
Trem;Rio de Janeiro;Operacional;1898;Sim
Trem;Rio de Janeiro;Operacional;1914;Sim
Trem;Rio de Janeiro;Operacional;1913;Sim
Trem;Rio de Janeiro;Operacional;1859;Sim
Trem;Rio de Janeiro;Operacional;1910;Sim
Trem;Rio de Janeiro;Operacional;1912;Sim
Trem;Rio de Janeiro;Operacional;1878;Sim
Trem;Rio de Janeiro;Operacional;1940;Sim
Trem;Rio de Janeiro;Operacional;1928;Sim
Trem;Rio de Janeiro;Operacional;1890;Sim
Trem;Rio de Janeiro;Operacional;1923;Sim
Trem;Rio de Janeiro;Operacional;1890;Sim
Trem;Rio de Janeiro;Operacional;1914;Sim
Trem;Rio de Janeiro;Operacional;1878;Sim
Trem;Rio de Janeiro;Operacional;1971;Sim
Trem;Rio de Janeiro;Operacional;1912;Sim
Trem;Rio de Janeiro;Operacional;1928;Sim
Trem;Rio de Janeiro;Operacional;1897;Sim
Trem;Rio de Janeiro;Operacional;1987;Sim
Trem;Rio de Janeiro;Operacional;1878;Sim
Trem;Rio de Janeiro;Operacional;1913;Sim
Trem;Rio de Janeiro;Operacional;1896;Sim
Trem;Rio de Janeiro;Operacional;1935;Sim
Trem;Rio de Janeiro;Operacional;1914;Sim
Trem;Rio de Janeiro;Operacional;1;Sim
Trem;Rio de Janeiro;Operacional;1884;Sim
Trem;Rio de Janeiro;Operacional;1961;Sim
Trem;Rio de Janeiro;Operacional;1858;Sim
Trem;Rio de Janeiro;Operacional;1890;Sim
Trem;Rio de Janeiro;Operacional;1896;Sim
Trem;Rio de Janeiro;Operacional;1858;Sim
Trem;Rio de Janeiro;Operacional não TMA;1914;Não
Trem;Rio de Janeiro;Operacional não TMA;1858;Não
Trem;Rio de Janeiro;Operacional não TMA;1886;Não
Trem;Rio de Janeiro;Operacional não TMA;1861;Não
Trem;Rio de Janeiro;Operacional não TMA;1883;Não
Trem;Rio de Janeiro;Operacional não TMA;1929;Não
Trem;Rio de Janeiro;Operacional não TMA;1926;Não
Trem;Rio de Janeiro;Operacional não TMA;1929;Não
Trem;Rio de Janeiro;Operacional não TMA;1910;Não
Trem;Rio de Janeiro;Operacional não TMA;1898;Não
Trem;Rio de Janeiro;Operacional não TMA;1908;Não
Trem;Rio de Janeiro;Operacional não TMA;1905;Não
Trem;Rio de Janeiro;Operacional não TMA;1911;Não
Trem;Rio de Janeiro;Operacional não TMA;1908;Não
Trem;Rio de Janeiro;Operacional não TMA;1908;Não
Trem;Rio de Janeiro;Operacional não TMA;1908;Não
Trem;Rio de Janeiro;Operacional não TMA;1898;Não
Trem;Rio de Janeiro;Operacional não TMA;1898;Não
Trem;Rio de Janeiro;Operacional não TMA;1908;Não
Trem;Rio de Janeiro;Operacional;1910;Sim
Trem;Rio de Janeiro;Operacional;1886;Sim
Trem;Rio de Janeiro;Operacional;1886;Sim
Trem;Rio de Janeiro;Operacional;1886;Sim
Trem;Rio de Janeiro;Operacional;1886;Sim
Trem;Rio de Janeiro;Operacional;1886;Sim
Trem;Rio de Janeiro;Operacional;1886;Sim
Trem;Rio de Janeiro;Operacional;1886;Sim
Trem;Rio de Janeiro;Operacional;1886;Sim
Trem;Rio de Janeiro;Operacional;1;Sim
Trem;Rio de Janeiro;Operacional;1886;Sim
Trem;Rio de Janeiro;Operacional;1886;Sim
Trem;Rio de Janeiro;Operacional;1888;Sim
Trem;Rio de Janeiro;Operacional;2013;Sim
Trem;Rio de Janeiro;Operacional não TMA;1913;Não
Trem;Rio de Janeiro;Operacional não TMA;1;Não
Trem;Rio de Janeiro;Operacional não TMA;1888;Não
Trem;Rio de Janeiro;Operacional não TMA;1;Não
Trem;Rio de Janeiro;Operacional não TMA;1888;Não
Trem;Rio de Janeiro;Operacional não TMA;1;Não
Trem;Rio de Janeiro;Operacional não TMA;1;Não
Trem;Rio de Janeiro;Operacional não TMA;1888;Não
Trem;Rio de Janeiro;Operacional não TMA;1856;Não
Trem;Rio de Janeiro;Operacional não TMA;1856;Não
Trem;Rio de Janeiro;Operacional não TMA;2012;Não
Trem;Rio de Janeiro;Operacional não TMA;1926;Não
Trem;Rio de Janeiro;Operacional não TMA;1926;Não
Trem;Rio de Janeiro;Operacional não TMA;1;Não
Trem;Rio de Janeiro;Operacional não TMA;1896;Não
Trem;Rio de Janeiro;Operacional não TMA;1896;Não
Trem;Rio de Janeiro;Operacional não TMA;1;Não
Trem;Rio de Janeiro;Operacional não TMA;1;Não
Trem;Rio de Janeiro;Operacional não TMA;1896;Não
Trem;Rio de Janeiro;Operacional não TMA;1;Não
Trem;Rio de Janeiro;Operacional não TMA;1896;Não
Trem;Rio de Janeiro;Operacional;1858;Sim
Trem;Rio de Janeiro;Operacional não TMA;2010;Não
Metrô;Brasília;Operacional;2001;Sim
Metrô;Brasília;Operacional;2001;Sim
Metrô;Brasília;Operacional;2009;Sim
Metrô;Brasília;Operacional;2008;Sim
Metrô;Brasília;Operacional;2010;Sim
Metrô;Brasília;Operacional;2001;Sim
Metrô;Brasília;Operacional;2001;Sim
Metrô;Brasília;Operacional;2001;Sim
Metrô;Brasília;Operacional;2001;Sim
Metrô;Brasília;Operacional;2010;Sim
Metrô;Brasília;Operacional;2001;Sim
Metrô;Brasília;Operacional;2001;Sim
Metrô;Brasília;Operacional;2004;Sim
Metrô;Brasília;Em construção;9999;NI
Metrô;Brasília;Operacional;2001;Sim
Metrô;Brasília;Operacional;2007;Sim
Metrô;Brasília;Operacional;2007;Sim
Metrô;Brasília;Operacional;2008;Sim
Metrô;Brasília;Operacional;2008;Sim
Metrô;Brasília;Operacional;2008;Sim
Metrô;Brasília;Operacional;2008;Sim
Metrô;Brasília;Operacional;2001;Sim
Metrô;Brasília;Operacional;2001;Sim
Metrô;Brasília;Operacional;2002;Sim
Metrô;Brasília;Operacional;2001;Sim
Metrô;Belo Horizonte;Operacional;2002;Sim
Metrô;Belo Horizonte;Operacional;2002;Sim
Metrô;Belo Horizonte;Operacional;2002;Sim
Metrô;Belo Horizonte;Operacional;2002;Sim
Metrô;Belo Horizonte;Operacional;2002;Sim
Metrô;Belo Horizonte;Operacional;1997;Sim
Metrô;Belo Horizonte;Operacional;2009;Sim
Metrô;Belo Horizonte;Operacional;1994;Sim
Metrô;Belo Horizonte;Operacional;1;Sim
Metrô;Belo Horizonte;Operacional;1993;Sim
Metrô;Belo Horizonte;Operacional;1992;Sim
Metrô;Belo Horizonte;Operacional;1986;Sim
Metrô;Belo Horizonte;Operacional;1985;Sim
Metrô;Belo Horizonte;Operacional;1;Sim
Metrô;Belo Horizonte;Operacional;1986;Sim
Metrô;Belo Horizonte;Operacional;1986;Sim
Metrô;Belo Horizonte;Operacional;2000;Sim
Metrô;Belo Horizonte;Operacional;1986;Sim
Metrô;Belo Horizonte;Operacional;1985;Sim
Metrô;Fortaleza;Operacional não TMA;1880;Não
Metrô;Fortaleza;Operacional não TMA;1;Não
Metrô;Fortaleza;Operacional não TMA;1;Não
Metrô;Fortaleza;Operacional não TMA;1;Não
Metrô;Fortaleza;Operacional não TMA;1917;Não
Metrô;Fortaleza;Operacional não TMA;1917;Não
Metrô;Fortaleza;Operacional não TMA;1992;Não
Metrô;Fortaleza;Operacional não TMA;1992;Não
Metrô;Fortaleza;Operacional não TMA;1985;Não
Metrô;Fortaleza;Operacional não TMA;1917;Não
Barca;Rio de Janeiro;Operacional;1998;Sim
Barca;Rio de Janeiro;Operacional;1998;Sim
Barca;Rio de Janeiro;Operacional não TMA;2006;Não
Barca;Rio de Janeiro;Operacional não TMA;1998;Não
Barca;São Gonçalo;Planejado;9999;NI
Metrô;Fortaleza;Operacional;2017;Sim
Metrô;Salvador;Operacional;2017;Sim
Metrô;Salvador;Operacional;2017;Sim
Metrô;Salvador;Operacional;2017;Sim
Metrô;Salvador;Operacional;2017;Sim
Metrô;Salvador;Operacional;2017;Sim
Metrô;Salvador;Operacional;2017;Sim
Metrô;Salvador;Operacional;2017;Sim
Metrô;Salvador;Operacional;2017;Sim
Metrô;Salvador;Operacional;2017;Sim
Metrô;Salvador;Operacional;2017;Sim
Metrô;Salvador;Operacional;2018;Sim
Metrô;Salvador;Planejado;9999;NI
Barca;Rio de Janeiro;Operacional não TMA;2004;Não
Metrô;Teresina;Operacional não TMA;2018;Não
Metrô;Teresina;Operacional não TMA;2018;Não
Metrô;Teresina;Operacional não TMA;2018;Não
Metrô;Teresina;Operacional não TMA;2018;Não
Metrô;Teresina;Operacional não TMA;2018;Não
Metrô;Teresina;Operacional não TMA;2018;Não
Metrô;Teresina;Operacional não TMA;2018;Não
Metrô;Teresina;Operacional não TMA;2018;Não
Metrô;Teresina;Operacional não TMA;2018;Não
Metrô;Teresina;Operacional não TMA;2018;Não
Metrô;Teresina;Operacional não TMA;2018;Não
Metrô;Teresina;Operacional não TMA;2018;Não
Metrô;Teresina;Operacional não TMA;2018;Não
Metrô;Brasília;Planejado;9999;NI
Metrô;Brasília;Planejado;9999;NI
Metrô;Brasília;Planejado;9999;NI
Metrô;Brasília;Planejado;9999;NI
Metrô;Brasília;Planejado;9999;NI
Metrô;Brasília;Em construção;9999;NI
Metrô;Brasília;Operacional;2020;Sim
Metrô;Brasília;Operacional;2020;Sim
Metrô;Brasília;Em construção;9999;NI
Metrô;Brasília;Planejado;9999;NI
Metrô;Brasília;Planejado;9999;NI
Metrô;Brasília;Planejado;9999;NI
Metrô;Brasília;Planejado;9999;NI
Metrô;Brasília;Planejado;9999;NI
Metrô;Brasília;Planejado;9999;NI
Metrô;Brasília;Planejado;9999;NI
Trem;João Pessoa;Operacional não TMA;2009;Não
Metrô;Brasília;Planejado;9999;NI
Metrô;Fortaleza;Em construção;2028;NI
Metrô;Fortaleza;Em construção;2028;NI
Metrô;Fortaleza;Em construção;2028;NI
Metrô;Fortaleza;Em construção;2028;NI
Metrô;Fortaleza;Em construção;2028;NI
Metrô;Fortaleza;Em construção;2028;NI
Metrô;Fortaleza;Em construção;2028;NI
Metrô;Fortaleza;Em construção;2028;NI
Metrô;Fortaleza;Em construção;2028;NI
Metrô;Fortaleza;Em construção;2028;NI
VLT;Recife;Operacional não TMA;1988;Não
VLT;Recife;Operacional não TMA;1858;Não
VLT;Recife;Operacional não TMA;1858;Não
VLT;Recife;Operacional não TMA;1;Não
VLT;Recife;Operacional não TMA;1858;Não
VLT;Recife;Operacional não TMA;1999;Não
Metrô;Juazeiro do Norte;Operacional não TMA;2009;Não
Metrô;Juazeiro do Norte;Operacional não TMA;2009;Não
Metrô;Juazeiro do Norte;Operacional não TMA;2009;Não
Metrô;Juazeiro do Norte;Operacional não TMA;2009;Não
Metrô;Juazeiro do Norte;Operacional não TMA;2009;Não
Metrô;Juazeiro do Norte;Operacional não TMA;2009;Não
Metrô;Juazeiro do Norte;Operacional não TMA;2009;Não
Metrô;Juazeiro do Norte;Operacional não TMA;2009;Não
Metrô;Juazeiro do Norte;Operacional não TMA;2009;Não
VLT;Recife;Operacional não TMA;1999;Não
Barca;Belém;Operacional não TMA;1;Não
Barca;Belém;Operacional não TMA;1;Não
Barca;Belém;Operacional não TMA;1;Não
Barca;Belém;Operacional não TMA;1;Não
Barca;Belém;Operacional não TMA;1;Não
Barca;Belém;Operacional não TMA;1;Não
Barca;Belém;Operacional não TMA;1;Não
Barca;Belém;Operacional não TMA;1;Não
Barca;Belém;Operacional não TMA;1;Não
Barca;Belém;Operacional não TMA;1;Não
Trem;João Pessoa;Operacional não TMA;1;Não
Barca;Belém;Operacional não TMA;1;Não
Barca;São Luís;Operacional não TMA;1970;Não
Trem;João Pessoa;Operacional não TMA;1;Não
Trem;João Pessoa;Operacional não TMA;1883;Não
Barca;São Luís;Operacional não TMA;1970;Não
Barca;São Luís;Operacional não TMA;1;Não
Trem;João Pessoa;Operacional não TMA;1;Não
Barca;São Luís;Operacional não TMA;1;Não
Trem;João Pessoa;Operacional não TMA;1883;Não
Trem;João Pessoa;Operacional não TMA;1911;Não
Trem;João Pessoa;Operacional não TMA;2008;Não
Trem;João Pessoa;Operacional não TMA;1889;Não
Trem;João Pessoa;Operacional não TMA;1883;Não
Barca;Salvador;Operacional não TMA;1970;Não
Barca;Salvador;Operacional não TMA;1970;Não
Trem;João Pessoa;Operacional não TMA;1889;Não
Trem;João Pessoa;Operacional não TMA;1889;Não
Barca;Salvador;Operacional não TMA;2007;Não
Trem;Natal;Operacional não TMA;1943;Não
Trem;Natal;Operacional não TMA;1;Não
Trem;Natal;Operacional não TMA;1982;Não
Trem;Natal;Operacional não TMA;1881;Não
Trem;Natal;Operacional não TMA;1;Não
Trem;Natal;Operacional não TMA;1;Não
Trem;Natal;Operacional não TMA;1;Não
Trem;Natal;Operacional não TMA;1955;Não
Trem;Natal;Operacional não TMA;1;Não
Trem;Natal;Operacional não TMA;1881;Não
Trem;Natal;Operacional não TMA;1;Não
Trem;Natal;Operacional não TMA;1;Não
Trem;Natal;Operacional não TMA;1915;Não
Trem;Natal;Operacional não TMA;1;Não
Trem;Natal;Operacional não TMA;1;Não
Trem;Natal;Operacional não TMA;1906;Não
Trem;Natal;Operacional não TMA;1;Não
Trem;Natal;Operacional não TMA;1;Não
Trem;Natal;Operacional não TMA;1;Não
Trem;Natal;Operacional não TMA;1906;Não
Trem;Natal;Operacional não TMA;1939;Não
Trem;Maceió;Operacional não TMA;1884;Não
Trem;Natal;Operacional não TMA;1;Não
Trem;Maceió;Fechado;1995;Não
Trem;Maceió;Operacional não TMA;1995;Não
Trem;Maceió;Fechado;1995;Não
Trem;Maceió;Operacional não TMA;1884;Não
Trem;Maceió;Operacional não TMA;1;Não
Trem;Maceió;Operacional não TMA;1;Não
Trem;Maceió;Operacional não TMA;1884;Não
Trem;Maceió;Operacional não TMA;1;Não
Trem;Maceió;Operacional não TMA;1;Não
Trem;Maceió;Operacional não TMA;1884;Não
Trem;Maceió;Operacional não TMA;1884;Não
Trem;Maceió;Operacional não TMA;1884;Não
Trem;Maceió;Operacional não TMA;1884;Não
Trem;Maceió;Operacional não TMA;1884;Não
Barca;Salvador;Operacional não TMA;2008;Não
Trem;Natal;Operacional não TMA;2022;Não
Trem;Natal;Operacional não TMA;2022;Não
Trem;Maceió;Operacional não TMA;2017;Não
Trem;Maceió;Operacional não TMA;2018;Não
Metrô;Fortaleza;Operacional;2019;Sim
Monotrilho;São Paulo;Planejado;9999;NI
Monotrilho;São Paulo;Planejado;9999;NI
Monotrilho;São Paulo;Planejado;9999;NI
Monotrilho;São Paulo;Planejado;9999;NI
Monotrilho;São Paulo;Planejado;9999;NI
Trem;Natal;Operacional não TMA;2022;Não
Trem;Natal;Operacional não TMA;2023;Não
Metrô;Recife;Operacional;2008;Sim
Monotrilho;São Paulo;Planejado;9999;NI
Monotrilho;São Paulo;Planejado;9999;NI
Monotrilho;São Paulo;Planejado;9999;NI
Monotrilho;São Paulo;Planejado;9999;NI
Monotrilho;São Paulo;Planejado;9999;NI
Monotrilho;São Paulo;Cancelado;9999;NI
Monotrilho;São Paulo;Cancelado;9999;NI
Monotrilho;São Paulo;Cancelado;9999;NI
Monotrilho;São Paulo;Cancelado;9999;NI
Monotrilho;São Paulo;Cancelado;9999;NI
Monotrilho;São Paulo;Cancelado;9999;NI
Monotrilho;São Paulo;Cancelado;9999;NI
Monotrilho;São Paulo;Cancelado;9999;NI
Monotrilho;São Paulo;Cancelado;9999;NI
Monotrilho;São Paulo;Cancelado;9999;NI
Monotrilho;São Paulo;Cancelado;9999;NI
Monotrilho;São Paulo;Cancelado;9999;NI
Monotrilho;São Paulo;Cancelado;9999;NI
Monotrilho;São Paulo;Cancelado;9999;NI
Monotrilho;São Paulo;Cancelado;9999;NI
Monotrilho;São Paulo;Cancelado;9999;NI
Monotrilho;São Paulo;Cancelado;9999;NI
Monotrilho;São Paulo;Cancelado;9999;NI
Monotrilho;São Paulo;Operacional;2018;Sim
Monotrilho;São Paulo;Operacional;2018;Sim
Monotrilho;São Paulo;Operacional;2018;Sim
Monotrilho;São Paulo;Operacional;2018;Sim
Monotrilho;São Paulo;Operacional;2018;Sim
Monotrilho;São Paulo;Operacional;2019;Sim
Monotrilho;São Paulo;Operacional;2019;Sim
Monotrilho;São Paulo;Operacional;2019;Sim
Monotrilho;São Paulo;Operacional;2019;Sim
Monotrilho;São Paulo;Operacional;2021;Sim
Monotrilho;São Paulo;Em construção;2027;NI
Monotrilho;São Paulo;Em construção;2027;NI
Monotrilho;São Paulo;Planejado;9999;NI
Monotrilho;São Paulo;Planejado;9999;NI
Monotrilho;São Paulo;Planejado;9999;NI
Monotrilho;São Paulo;Planejado;9999;NI
Monotrilho;São Paulo;Operacional;2018;Sim
Monotrilho;São Paulo;Planejado;2025;NI
Monotrilho;São Paulo;Planejado;2025;NI
Monotrilho;São Paulo;Planejado;2025;NI
Monotrilho;São Paulo;Planejado;2025;NI
Monotrilho;São Paulo;Planejado;2025;NI
Monotrilho;São Paulo;Planejado;2025;NI
Monotrilho;São Paulo;Planejado;2025;NI
Monotrilho;São Paulo;Planejado;2025;NI
Monotrilho;São Paulo;Planejado;2025;NI
Monotrilho;São Paulo;Planejado;2025;NI
Monotrilho;São Paulo;Planejado;2025;NI
VLT;Santos;Operacional;2017;Sim
VLT;Santos;Operacional;2016;Sim
VLT;Santos;Operacional;2016;Sim
VLT;Santos;Operacional;2016;Sim
VLT;Santos;Operacional;2016;Sim
VLT;Santos;Operacional;2016;Sim
VLT;Santos;Operacional;2016;Sim
VLT;Santos;Operacional;2016;Sim
VLT;Santos;Operacional;2016;Sim
VLT;Santos;Operacional;2016;Sim
VLT;Santos;Operacional;2016;Sim
VLT;Santos;Operacional;2017;Sim
VLT;Santos;Operacional;2017;Sim
VLT;Santos;Operacional;2017;Sim
VLT;Santos;Operacional;2017;Sim
VLT;Rio de Janeiro;Planejado;9999;NI
VLT;Rio de Janeiro;Operacional;2016;Sim
VLT;Rio de Janeiro;Operacional;2016;Sim
VLT;Rio de Janeiro;Operacional;2019;Sim
VLT;Rio de Janeiro;Operacional;2016;Sim
VLT;Rio de Janeiro;Operacional;2016;Sim
VLT;Rio de Janeiro;Operacional;2017;Sim
VLT;Rio de Janeiro;Operacional;2016;Sim
VLT;Rio de Janeiro;Operacional;2016;Sim
VLT;Rio de Janeiro;Operacional;2016;Sim
VLT;Rio de Janeiro;Operacional;2016;Sim
VLT;Rio de Janeiro;Operacional;2016;Sim
VLT;Rio de Janeiro;Operacional;2017;Sim
VLT;Rio de Janeiro;Operacional;2019;Sim
VLT;Rio de Janeiro;Operacional;2016;Sim
VLT;Rio de Janeiro;Operacional;2016;Sim
VLT;Rio de Janeiro;Operacional;2016;Sim
VLT;Rio de Janeiro;Planejado;9999;NI
VLT;Rio de Janeiro;Operacional;2017;Sim
VLT;Rio de Janeiro;Operacional;2017;Sim
VLT;Rio de Janeiro;Operacional;2017;Sim
VLT;Rio de Janeiro;Operacional;2016;Sim
VLT;Rio de Janeiro;Operacional;2017;Sim
VLT;Rio de Janeiro;Operacional;2019;Sim
VLT;Rio de Janeiro;Operacional;2016;Sim
VLT;Rio de Janeiro;Operacional;2016;Sim
VLT;Rio de Janeiro;Operacional;2016;Sim
VLT;Rio de Janeiro;Operacional;2016;Sim
VLT;Rio de Janeiro;Operacional;2017;Sim
VLT;Rio de Janeiro;Operacional;2017;Sim
VLT;Rio de Janeiro;Operacional;2017;Sim
VLT;Fortaleza;Operacional;2017;Sim
VLT;Fortaleza;Operacional;2017;Sim
VLT;Fortaleza;Operacional;2017;Sim
VLT;Fortaleza;Operacional;2017;Sim
VLT;Fortaleza;Operacional;2018;Sim
VLT;Fortaleza;Operacional;2018;Sim
VLT;Fortaleza;Operacional;2018;Sim
VLT;Fortaleza;Operacional;2020;Sim
VLT;Fortaleza;Operacional;2020;Sim
VLT;Fortaleza;Operacional;2018;Sim
VLT;Santos;Planejado;9999;NI
VLT;Santos;Planejado;9999;NI
VLT;Santos;Planejado;9999;NI
VLT;Santos;Planejado;9999;NI
VLT;Salvador;Em construção;2028;NI
VLT;Salvador;Em construção;2028;NI
VLT;Salvador;Em construção;2028;NI
VLT;Salvador;Em construção;2028;NI
VLT;Salvador;Em construção;2028;NI
VLT;Salvador;Em construção;2028;NI
VLT;Salvador;Em construção;2028;NI
VLT;Salvador;Em construção;2028;NI
VLT;Salvador;Em construção;2028;NI
VLT;Salvador;Em construção;2028;NI
VLT;Salvador;Em construção;2028;NI
VLT;Salvador;Em construção;2028;NI
VLT;Salvador;Em construção;2028;NI
VLT;Salvador;Em construção;2028;NI
VLT;Salvador;Em construção;2028;NI
VLT;Salvador;Em construção;2028;NI
VLT;Salvador;Em construção;2028;NI
VLT;Salvador;Em construção;2028;NI
VLT;Salvador;Em construção;2028;NI
VLT;Salvador;Em construção;2028;NI
VLT;Sobral;Operacional;2016;Sim
VLT;Sobral;Operacional;2016;Sim
VLT;Sobral;Operacional;2016;Sim
VLT;Sobral;Operacional;2016;Sim
VLT;Sobral;Operacional;2016;Sim
VLT;Sobral;Operacional;2016;Sim
VLT;Sobral;Operacional;2016;Sim
VLT;Sobral;Operacional;2016;Sim
VLT;Sobral;Operacional;2016;Sim
VLT;Sobral;Operacional;2016;Sim
VLT;Sobral;Operacional;2016;Sim
VLT;Sobral;Operacional;2016;Sim
VLT;Salvador;Em construção;2028;NI
Monotrilho;Rio de Janeiro;Operacional não TMA;1;Não
VLT;Rio de Janeiro;Operacional não TMA;1;Não
Monotrilho;Rio de Janeiro;Operacional não TMA;1;Não
Monotrilho;Rio de Janeiro;Operacional não TMA;1;Não
Monotrilho;Rio de Janeiro;Operacional não TMA;1;Não
Monotrilho;Rio de Janeiro;Operacional não TMA;1;Não
Monotrilho;Rio de Janeiro;Operacional não TMA;1;Não
Monotrilho;Rio de Janeiro;Operacional não TMA;1;Não
VLT;Fortaleza;Operacional;2022;Sim
BRT;Rio de Janeiro;Operacional;2023;Sim
Trem;Rio de Janeiro;Operacional não TMA;1926;Não
Trem;Rio de Janeiro;Operacional não TMA;1926;Não
Metrô;Salvador;Operacional;2023;NA
VLT;Santos;Em construção;2026;NI
VLT;Santos;Em construção;2026;NI
VLT;Santos;Em construção;2026;NI
VLT;Santos;Em construção;2026;NI
VLT;Santos;Em construção;2026;NI
VLT;Santos;Em construção;2026;NI
VLT;Santos;Em construção;2026;NI
VLT;Santos;Em construção;2026;NI
VLT;Santos;Em construção;2026;NI
VLT;Santos;Em construção;2026;NI
VLT;Santos;Em construção;2026;NI
VLT;Santos;Em construção;2026;NI
VLT;Santos;Em construção;2026;NI
VLT;Santos;Em construção;2026;NI
Trem;São Paulo;Em construção;2025;NI
Monotrilho;São Paulo;Em construção;2026;NI
Monotrilho;São Paulo;Em construção;2026;NI
Monotrilho;São Paulo;Em construção;2026;NI
Monotrilho;São Paulo;Em construção;2026;NI
Monotrilho;São Paulo;Em construção;2026;NI
Monotrilho;São Paulo;Em construção;2026;NI
Monotrilho;São Paulo;Em construção;2026;NI
BRT;Maceió;Planejado;9999;NI
BRT;Maceió;Planejado;9999;NI
BRT;Maceió;Planejado;9999;NI
BRT;Maceió;Planejado;9999;NI
BRT;Maceió;Planejado;9999;NI
BRT;Maceió;Planejado;9999;NI
BRT;Maceió;Planejado;9999;NI
BRT;Maceió;Planejado;9999;NI
BRT;Maceió;Planejado;9999;NI
BRT;Maceió;Planejado;9999;NI
BRT;Maceió;Planejado;9999;NI
BRT;Maceió;Planejado;9999;NI
BRT;Maceió;Planejado;9999;NI
BRT;Maceió;Planejado;9999;NI
BRT;Maceió;Planejado;9999;NI
BRT;Maceió;Planejado;9999;NI
BRT;Maceió;Planejado;9999;NI
BRT;Maceió;Planejado;9999;NI
BRT;Maceió;Planejado;9999;NI
BRT;Maceió;Planejado;9999;NI
BRT;Maceió;Planejado;9999;NI
BRT;Maceió;Planejado;9999;NI
BRT;Goiânia;Operacional  ;2024;Sim
BRT;Goiânia;Operacional  ;2024;Sim
BRT;Goiânia;Operacional  ;2024;Sim
BRT;Goiânia;Operacional  ;2024;Sim
BRT;Goiânia;Operacional  ;2024;Sim
BRT;Goiânia;Operacional  ;2024;Sim
BRT;Goiânia;Operacional  ;2024;Sim
BRT;Goiânia;Operacional  ;2024;Sim
BRT;Goiânia;Operacional  ;2024;Sim
BRT;Goiânia;Operacional  ;2024;Sim
BRT;Goiânia;Operacional  ;2024;Sim
BRT;Goiânia;Operacional  ;2024;Sim
BRT;Goiânia;Operacional  ;2024;Sim
BRT;Goiânia;Operacional  ;2024;Sim
BRT;Goiânia;Operacional  ;2024;Sim
BRT;Goiânia;Operacional  ;2024;Sim
BRT;Goiânia;Operacional  ;2024;Sim
BRT;Goiânia;Operacional  ;2024;Sim
BRT;Goiânia;Operacional  ;2024;Sim
BRT;Goiânia;Operacional  ;2024;Sim
BRT;Goiânia;Operacional  ;2024;Sim
BRT;Goiânia;Operacional  ;2024;Sim
BRT;Goiânia;Operacional  ;2024;Sim
BRT;Goiânia;Operacional  ;2024;Sim
BRT;Goiânia;Operacional  ;2024;Sim
BRT;Goiânia;Operacional  ;2024;Sim
BRT;Goiânia;Operacional  ;2024;Sim
BRT;Goiânia;Operacional  ;2024;Sim
BRT;Goiânia;Operacional  ;2024;Sim
BRT;Goiânia;Operacional  ;2024;Sim
BRT;Goiânia;Operacional  ;2024;Sim
BRT;Goiânia;Operacional  ;2024;Sim
BRT;Goiânia;Operacional  ;2024;Sim
BRT;Goiânia;Operacional  ;2024;Sim
BRT;Goiânia;Operacional  ;2024;Sim
BRT;Campinas;Operacional  ;2024;Sim
BRT;Campinas;Operacional  ;2024;Sim
BRT;Campinas;Operacional  ;2024;Sim
BRT;Campinas;Operacional  ;2024;Sim
BRT;Campinas;Operacional  ;2023;Sim
Metrô;Belo Horizonte;Em construção;2029;NI
Metrô;Belo Horizonte;Em construção;2029;NI
Metrô;Belo Horizonte;Em construção;2029;NI
Metrô;Belo Horizonte;Em construção;2029;NI
Metrô;Belo Horizonte;Em construção;2029;NI
Metrô;Belo Horizonte;Em construção;2029;NI
Metrô;Belo Horizonte;Em construção;2029;NI
BRT;Rio de Janeiro;Em construção;2026;NI
